depth,sector,condition,rg_similarity,attractor_convergence,basin_stability,hysteresis_gap,trajectory_coherence,collapse_avoidance_index,attractor_persistence,classification
1,Projection,AttractorBasinMapping,0.9536,0.9299,0.9194,0.2331,0.8714,0.8729,0.8733,ATTRACTOR-STABLE
2,Projection,AttractorBasinMapping,0.9031,0.8633,0.8592,0.208,0.8584,0.8602,0.8388,ATTRACTOR-STABLE
4,Projection,AttractorBasinMapping,0.845,0.8221,0.8115,0.2192,0.7851,0.7984,0.7876,ATTRACTOR-STABLE
6,Projection,AttractorBasinMapping,0.8035,0.7553,0.7433,0.1942,0.7283,0.7253,0.739,ATTRACTOR-BOUNDED
8,Projection,AttractorBasinMapping,0.7429,0.6952,0.6996,0.1949,0.6874,0.6944,0.687,ATTRACTOR-BOUNDED
12,Projection,AttractorBasinMapping,0.6668,0.6284,0.6164,0.1522,0.5969,0.6051,0.6067,ATTRACTOR-PARTIAL
16,Projection,AttractorBasinMapping,0.5936,0.5647,0.544,0.1533,0.5458,0.5357,0.5504,ATTRACTOR-DEGRADING
20,Projection,AttractorBasinMapping,0.5388,0.5047,0.5041,0.1213,0.4851,0.4926,0.4935,ATTRACTOR-DEGRADING
24,Projection,AttractorBasinMapping,0.4851,0.4723,0.4553,0.1213,0.4563,0.4447,0.4576,ATTRACTOR-DEGRADING
32,Projection,AttractorBasinMapping,0.4203,0.4029,0.3863,0.1048,0.3796,0.3895,0.3908,ATTRACTOR-DEGRADING
40,Projection,AttractorBasinMapping,0.3662,0.3502,0.3414,0.092,0.3359,0.3327,0.3345,ATTRACTOR-FAILED
48,Projection,AttractorBasinMapping,0.3193,0.3055,0.3085,0.0728,0.3028,0.2992,0.2952,ATTRACTOR-FAILED
64,Projection,AttractorBasinMapping,0.266,0.2513,0.2447,0.0604,0.2437,0.2384,0.2426,ATTRACTOR-FAILED
80,Projection,AttractorBasinMapping,0.2257,0.2076,0.2065,0.059,0.2053,0.2082,0.2068,ATTRACTOR-FAILED
96,Projection,AttractorBasinMapping,0.1949,0.1808,0.1844,0.051,0.1771,0.178,0.181,ATTRACTOR-FAILED
128,Projection,AttractorBasinMapping,0.1523,0.1446,0.1423,0.05,0.1387,0.1373,0.1429,ATTRACTOR-FAILED
1,Projection,RecursiveTrajectoryConvergence,0.96,0.9068,0.9054,0.2427,0.9115,0.8699,0.8985,ATTRACTOR-STABLE
2,Projection,RecursiveTrajectoryConvergence,0.9102,0.8877,0.8576,0.2299,0.8524,0.8275,0.852,ATTRACTOR-STABLE
4,Projection,RecursiveTrajectoryConvergence,0.8594,0.8336,0.7874,0.2209,0.7994,0.793,0.7948,ATTRACTOR-STABLE
6,Projection,RecursiveTrajectoryConvergence,0.7997,0.7587,0.7469,0.1939,0.7531,0.7341,0.73,ATTRACTOR-BOUNDED
8,Projection,RecursiveTrajectoryConvergence,0.7463,0.7234,0.6987,0.1811,0.6995,0.6624,0.6774,ATTRACTOR-BOUNDED
12,Projection,RecursiveTrajectoryConvergence,0.6522,0.6211,0.6082,0.1708,0.6327,0.6021,0.6121,ATTRACTOR-PARTIAL
16,Projection,RecursiveTrajectoryConvergence,0.601,0.5628,0.5479,0.1387,0.5644,0.5439,0.5456,ATTRACTOR-DEGRADING
20,Projection,RecursiveTrajectoryConvergence,0.528,0.5248,0.4949,0.1411,0.4955,0.4834,0.4979,ATTRACTOR-DEGRADING
24,Projection,RecursiveTrajectoryConvergence,0.4821,0.4797,0.4594,0.1259,0.4627,0.4533,0.449,ATTRACTOR-DEGRADING
32,Projection,RecursiveTrajectoryConvergence,0.4117,0.4082,0.3875,0.1016,0.3894,0.3879,0.39,ATTRACTOR-DEGRADING
40,Projection,RecursiveTrajectoryConvergence,0.3583,0.3453,0.344,0.088,0.3506,0.3328,0.3372,ATTRACTOR-FAILED
48,Projection,RecursiveTrajectoryConvergence,0.3295,0.3134,0.2956,0.0832,0.2999,0.2981,0.3051,ATTRACTOR-FAILED
64,Projection,RecursiveTrajectoryConvergence,0.2682,0.2527,0.2511,0.0675,0.2521,0.2404,0.2443,ATTRACTOR-FAILED
80,Projection,RecursiveTrajectoryConvergence,0.2183,0.2148,0.208,0.053,0.2082,0.2054,0.2085,ATTRACTOR-FAILED
96,Projection,RecursiveTrajectoryConvergence,0.1889,0.1821,0.18,0.05,0.185,0.175,0.1756,ATTRACTOR-FAILED
128,Projection,RecursiveTrajectoryConvergence,0.1525,0.1432,0.1403,0.05,0.1434,0.1371,0.1412,ATTRACTOR-FAILED
1,Projection,HysteresisAnalysis,0.9486,0.8887,0.8711,0.2517,0.8759,0.8768,0.8966,ATTRACTOR-STABLE
2,Projection,HysteresisAnalysis,0.9025,0.8541,0.8682,0.2706,0.8589,0.8402,0.8688,ATTRACTOR-STABLE
4,Projection,HysteresisAnalysis,0.8301,0.7925,0.7927,0.2374,0.774,0.7519,0.7746,ATTRACTOR-STABLE
6,Projection,HysteresisAnalysis,0.7965,0.7404,0.7251,0.2321,0.7221,0.7255,0.7235,ATTRACTOR-BOUNDED
8,Projection,HysteresisAnalysis,0.7247,0.693,0.6743,0.2059,0.6717,0.6571,0.6749,ATTRACTOR-BOUNDED
12,Projection,HysteresisAnalysis,0.6363,0.6316,0.6184,0.1775,0.6094,0.6,0.5991,ATTRACTOR-PARTIAL
16,Projection,HysteresisAnalysis,0.583,0.5473,0.5464,0.1546,0.5459,0.5382,0.5398,ATTRACTOR-DEGRADING
20,Projection,HysteresisAnalysis,0.5341,0.5044,0.4899,0.1371,0.4975,0.4849,0.4997,ATTRACTOR-DEGRADING
24,Projection,HysteresisAnalysis,0.4783,0.4521,0.4457,0.1434,0.447,0.4486,0.441,ATTRACTOR-DEGRADING
32,Projection,HysteresisAnalysis,0.4087,0.3937,0.3789,0.1171,0.3852,0.3726,0.3887,ATTRACTOR-FAILED
40,Projection,HysteresisAnalysis,0.3516,0.3438,0.3286,0.102,0.3392,0.3346,0.3295,ATTRACTOR-FAILED
48,Projection,HysteresisAnalysis,0.3128,0.3082,0.294,0.0881,0.2952,0.2906,0.2928,ATTRACTOR-FAILED
64,Projection,HysteresisAnalysis,0.2614,0.2449,0.2416,0.0736,0.2416,0.2367,0.2472,ATTRACTOR-FAILED
80,Projection,HysteresisAnalysis,0.2176,0.2066,0.2054,0.0609,0.2014,0.1983,0.2059,ATTRACTOR-FAILED
96,Projection,HysteresisAnalysis,0.1871,0.1805,0.1791,0.0547,0.175,0.1698,0.1739,ATTRACTOR-FAILED
128,Projection,HysteresisAnalysis,0.1523,0.1436,0.1422,0.05,0.1368,0.1358,0.1388,ATTRACTOR-FAILED
1,Projection,CollapseAvoidanceDynamics,0.9581,0.9101,0.8943,0.2172,0.8733,0.9037,0.8678,ATTRACTOR-STABLE
2,Projection,CollapseAvoidanceDynamics,0.9255,0.8594,0.8766,0.2407,0.8436,0.8491,0.8426,ATTRACTOR-STABLE
4,Projection,CollapseAvoidanceDynamics,0.8555,0.7895,0.795,0.1956,0.7877,0.7847,0.7776,ATTRACTOR-STABLE
6,Projection,CollapseAvoidanceDynamics,0.7869,0.7511,0.7526,0.1948,0.7409,0.7431,0.7348,ATTRACTOR-BOUNDED
8,Projection,CollapseAvoidanceDynamics,0.7471,0.6893,0.6917,0.1898,0.6692,0.6801,0.6852,ATTRACTOR-BOUNDED
12,Projection,CollapseAvoidanceDynamics,0.6642,0.6197,0.6197,0.1634,0.6088,0.6177,0.6169,ATTRACTOR-PARTIAL
16,Projection,CollapseAvoidanceDynamics,0.5713,0.5631,0.5456,0.156,0.5509,0.5466,0.5381,ATTRACTOR-DEGRADING
20,Projection,CollapseAvoidanceDynamics,0.5358,0.4933,0.4889,0.1266,0.489,0.5066,0.4818,ATTRACTOR-DEGRADING
24,Projection,CollapseAvoidanceDynamics,0.4785,0.4671,0.4608,0.1135,0.4463,0.4599,0.4512,ATTRACTOR-DEGRADING
32,Projection,CollapseAvoidanceDynamics,0.407,0.3951,0.3886,0.0979,0.3837,0.3871,0.393,ATTRACTOR-FAILED
40,Projection,CollapseAvoidanceDynamics,0.359,0.3366,0.3365,0.0821,0.3297,0.3349,0.3354,ATTRACTOR-FAILED
48,Projection,CollapseAvoidanceDynamics,0.3249,0.3015,0.2976,0.0761,0.2956,0.3029,0.2931,ATTRACTOR-FAILED
64,Projection,CollapseAvoidanceDynamics,0.2564,0.2436,0.2478,0.0606,0.2393,0.2488,0.2439,ATTRACTOR-FAILED
80,Projection,CollapseAvoidanceDynamics,0.2176,0.2074,0.2066,0.0588,0.2042,0.2112,0.204,ATTRACTOR-FAILED
96,Projection,CollapseAvoidanceDynamics,0.1909,0.1791,0.1782,0.05,0.1782,0.1795,0.1782,ATTRACTOR-FAILED
128,Projection,CollapseAvoidanceDynamics,0.1504,0.1414,0.1423,0.05,0.1405,0.1403,0.1368,ATTRACTOR-FAILED
1,Projection,AttractorPersistenceTracking,0.9503,0.9036,0.8891,0.2215,0.8782,0.8721,0.9046,ATTRACTOR-STABLE
2,Projection,AttractorPersistenceTracking,0.92,0.8932,0.8856,0.21,0.8606,0.8312,0.8535,ATTRACTOR-STABLE
4,Projection,AttractorPersistenceTracking,0.8504,0.8083,0.8142,0.1928,0.7893,0.7751,0.789,ATTRACTOR-STABLE
6,Projection,AttractorPersistenceTracking,0.7976,0.7515,0.764,0.1943,0.7359,0.7311,0.7412,ATTRACTOR-BOUNDED
8,Projection,AttractorPersistenceTracking,0.7283,0.7047,0.7032,0.1682,0.6977,0.6878,0.7091,ATTRACTOR-BOUNDED
12,Projection,AttractorPersistenceTracking,0.6557,0.614,0.6198,0.1648,0.6202,0.5939,0.6288,ATTRACTOR-PARTIAL
16,Projection,AttractorPersistenceTracking,0.5785,0.5542,0.5543,0.1412,0.5547,0.5298,0.5524,ATTRACTOR-DEGRADING
20,Projection,AttractorPersistenceTracking,0.5216,0.5146,0.4926,0.1208,0.4972,0.4978,0.497,ATTRACTOR-DEGRADING
24,Projection,AttractorPersistenceTracking,0.4778,0.4709,0.4597,0.1258,0.4622,0.4371,0.4653,ATTRACTOR-DEGRADING
32,Projection,AttractorPersistenceTracking,0.4219,0.3908,0.3938,0.0947,0.3854,0.3814,0.3952,ATTRACTOR-FAILED
40,Projection,AttractorPersistenceTracking,0.3615,0.3546,0.3449,0.0879,0.3347,0.3376,0.3364,ATTRACTOR-FAILED
48,Projection,AttractorPersistenceTracking,0.327,0.3124,0.3043,0.0755,0.2976,0.2979,0.3072,ATTRACTOR-FAILED
64,Projection,AttractorPersistenceTracking,0.2657,0.2551,0.248,0.0648,0.2404,0.2401,0.2515,ATTRACTOR-FAILED
80,Projection,AttractorPersistenceTracking,0.2171,0.2117,0.2115,0.0544,0.208,0.2001,0.2057,ATTRACTOR-FAILED
96,Projection,AttractorPersistenceTracking,0.1883,0.1856,0.1823,0.05,0.1781,0.1718,0.1779,ATTRACTOR-FAILED
128,Projection,AttractorPersistenceTracking,0.1513,0.144,0.1431,0.05,0.1413,0.1358,0.1451,ATTRACTOR-FAILED
1,Projection,PerturbationDisplacementRecovery,0.9556,0.902,0.9023,0.2419,0.875,0.853,0.8783,ATTRACTOR-STABLE
2,Projection,PerturbationDisplacementRecovery,0.9166,0.8589,0.8641,0.2467,0.8508,0.8448,0.8406,ATTRACTOR-STABLE
4,Projection,PerturbationDisplacementRecovery,0.8183,0.813,0.7992,0.2107,0.804,0.7766,0.7851,ATTRACTOR-STABLE
6,Projection,PerturbationDisplacementRecovery,0.7658,0.7516,0.7375,0.1917,0.7349,0.7025,0.7224,ATTRACTOR-BOUNDED
8,Projection,PerturbationDisplacementRecovery,0.729,0.6977,0.6774,0.1848,0.6771,0.6681,0.6812,ATTRACTOR-BOUNDED
12,Projection,PerturbationDisplacementRecovery,0.6485,0.5996,0.6157,0.1687,0.6186,0.5862,0.5925,ATTRACTOR-PARTIAL
16,Projection,PerturbationDisplacementRecovery,0.5805,0.5403,0.5507,0.151,0.5345,0.5252,0.5394,ATTRACTOR-DEGRADING
20,Projection,PerturbationDisplacementRecovery,0.5216,0.4876,0.5028,0.1432,0.5003,0.473,0.4954,ATTRACTOR-DEGRADING
24,Projection,PerturbationDisplacementRecovery,0.4718,0.4584,0.4609,0.1177,0.4426,0.4501,0.4436,ATTRACTOR-DEGRADING
32,Projection,PerturbationDisplacementRecovery,0.4071,0.3822,0.3965,0.1002,0.3787,0.3674,0.3864,ATTRACTOR-FAILED
40,Projection,PerturbationDisplacementRecovery,0.3611,0.3352,0.3432,0.0946,0.3392,0.3215,0.3396,ATTRACTOR-FAILED
48,Projection,PerturbationDisplacementRecovery,0.3171,0.3032,0.3002,0.0832,0.2914,0.2942,0.2966,ATTRACTOR-FAILED
64,Projection,PerturbationDisplacementRecovery,0.256,0.2419,0.2435,0.0648,0.2386,0.2386,0.2409,ATTRACTOR-FAILED
80,Projection,PerturbationDisplacementRecovery,0.2136,0.2042,0.2035,0.0555,0.2084,0.2033,0.201,ATTRACTOR-FAILED
96,Projection,PerturbationDisplacementRecovery,0.1904,0.1824,0.1786,0.0521,0.1793,0.1757,0.1808,ATTRACTOR-FAILED
128,Projection,PerturbationDisplacementRecovery,0.1474,0.1426,0.1413,0.05,0.1393,0.1358,0.1416,ATTRACTOR-FAILED
1,Projection,NullAttractorControl,0.7429,0.7277,0.73,0.2776,0.7391,0.6963,0.7154,ATTRACTOR-BOUNDED
2,Projection,NullAttractorControl,0.7205,0.6904,0.7093,0.2856,0.6993,0.6677,0.6793,ATTRACTOR-BOUNDED
4,Projection,NullAttractorControl,0.6552,0.6521,0.6449,0.2613,0.648,0.6127,0.6268,ATTRACTOR-PARTIAL
6,Projection,NullAttractorControl,0.6058,0.6013,0.6096,0.2413,0.6022,0.5741,0.5842,ATTRACTOR-PARTIAL
8,Projection,NullAttractorControl,0.5665,0.5559,0.5477,0.2176,0.5744,0.5521,0.5394,ATTRACTOR-DEGRADING
12,Projection,NullAttractorControl,0.5266,0.5053,0.4833,0.1969,0.5069,0.4909,0.4788,ATTRACTOR-DEGRADING
16,Projection,NullAttractorControl,0.4685,0.4447,0.4406,0.1885,0.4473,0.4248,0.4349,ATTRACTOR-DEGRADING
20,Projection,NullAttractorControl,0.4089,0.4037,0.4035,0.173,0.3996,0.3946,0.4049,ATTRACTOR-DEGRADING
24,Projection,NullAttractorControl,0.3798,0.3727,0.3598,0.1447,0.3782,0.3626,0.3717,ATTRACTOR-FAILED
32,Projection,NullAttractorControl,0.3277,0.3152,0.3197,0.1338,0.3246,0.3079,0.3141,ATTRACTOR-FAILED
40,Projection,NullAttractorControl,0.2915,0.2828,0.2706,0.1102,0.286,0.2714,0.2777,ATTRACTOR-FAILED
48,Projection,NullAttractorControl,0.247,0.2525,0.242,0.1011,0.247,0.2306,0.246,ATTRACTOR-FAILED
64,Projection,NullAttractorControl,0.2006,0.1975,0.1991,0.0769,0.2042,0.1959,0.1984,ATTRACTOR-FAILED
80,Projection,NullAttractorControl,0.1709,0.1736,0.1693,0.0718,0.1694,0.1674,0.1645,ATTRACTOR-FAILED
96,Projection,NullAttractorControl,0.1522,0.1489,0.1418,0.0589,0.1512,0.1375,0.1437,ATTRACTOR-FAILED
128,Projection,NullAttractorControl,0.1156,0.1166,0.1159,0.05,0.1133,0.109,0.1106,ATTRACTOR-FAILED
1,Antisymmetry,AttractorBasinMapping,0.9451,0.8802,0.8794,0.2581,0.8709,0.8365,0.8584,ATTRACTOR-STABLE
2,Antisymmetry,AttractorBasinMapping,0.9007,0.8511,0.8359,0.2485,0.8308,0.8215,0.8099,ATTRACTOR-STABLE
4,Antisymmetry,AttractorBasinMapping,0.8167,0.8028,0.7859,0.2339,0.7701,0.7682,0.749,ATTRACTOR-STABLE
6,Antisymmetry,AttractorBasinMapping,0.7627,0.7403,0.739,0.2059,0.6918,0.7171,0.6933,ATTRACTOR-BOUNDED
8,Antisymmetry,AttractorBasinMapping,0.713,0.6966,0.6771,0.1912,0.6753,0.6554,0.6691,ATTRACTOR-BOUNDED
12,Antisymmetry,AttractorBasinMapping,0.6405,0.5943,0.586,0.1588,0.5814,0.5843,0.5979,ATTRACTOR-PARTIAL
16,Antisymmetry,AttractorBasinMapping,0.5712,0.548,0.5305,0.1424,0.5253,0.5269,0.517,ATTRACTOR-DEGRADING
20,Antisymmetry,AttractorBasinMapping,0.5101,0.4947,0.4861,0.147,0.4808,0.4819,0.4865,ATTRACTOR-DEGRADING
24,Antisymmetry,AttractorBasinMapping,0.4793,0.4419,0.4517,0.1166,0.4393,0.4312,0.438,ATTRACTOR-DEGRADING
32,Antisymmetry,AttractorBasinMapping,0.4074,0.3847,0.3787,0.1149,0.3651,0.3679,0.3739,ATTRACTOR-FAILED
40,Antisymmetry,AttractorBasinMapping,0.348,0.3371,0.3345,0.1002,0.3233,0.317,0.3308,ATTRACTOR-FAILED
48,Antisymmetry,AttractorBasinMapping,0.3148,0.2999,0.29,0.0808,0.2935,0.2886,0.2853,ATTRACTOR-FAILED
64,Antisymmetry,AttractorBasinMapping,0.2521,0.2412,0.2439,0.0675,0.2378,0.2318,0.2313,ATTRACTOR-FAILED
80,Antisymmetry,AttractorBasinMapping,0.2124,0.2026,0.2009,0.0589,0.2016,0.202,0.1995,ATTRACTOR-FAILED
96,Antisymmetry,AttractorBasinMapping,0.1871,0.1749,0.1776,0.05,0.1697,0.168,0.1687,ATTRACTOR-FAILED
128,Antisymmetry,AttractorBasinMapping,0.1471,0.1374,0.1369,0.05,0.1323,0.135,0.1353,ATTRACTOR-FAILED
1,Antisymmetry,RecursiveTrajectoryConvergence,0.9287,0.8817,0.861,0.2449,0.8751,0.8456,0.8721,ATTRACTOR-STABLE
2,Antisymmetry,RecursiveTrajectoryConvergence,0.8815,0.8672,0.8282,0.2471,0.853,0.812,0.8475,ATTRACTOR-STABLE
4,Antisymmetry,RecursiveTrajectoryConvergence,0.8247,0.7855,0.7666,0.2295,0.7697,0.7624,0.7626,ATTRACTOR-STABLE
6,Antisymmetry,RecursiveTrajectoryConvergence,0.755,0.7325,0.7298,0.2048,0.7293,0.7045,0.7066,ATTRACTOR-BOUNDED
8,Antisymmetry,RecursiveTrajectoryConvergence,0.7334,0.6926,0.6576,0.2084,0.6708,0.6639,0.6797,ATTRACTOR-BOUNDED
12,Antisymmetry,RecursiveTrajectoryConvergence,0.6347,0.6237,0.5991,0.168,0.6082,0.5894,0.592,ATTRACTOR-PARTIAL
16,Antisymmetry,RecursiveTrajectoryConvergence,0.5626,0.5431,0.5344,0.153,0.5352,0.523,0.5381,ATTRACTOR-DEGRADING
20,Antisymmetry,RecursiveTrajectoryConvergence,0.5094,0.4913,0.4782,0.1466,0.485,0.4689,0.476,ATTRACTOR-DEGRADING
24,Antisymmetry,RecursiveTrajectoryConvergence,0.4745,0.4537,0.4416,0.1363,0.4537,0.4226,0.4306,ATTRACTOR-DEGRADING
32,Antisymmetry,RecursiveTrajectoryConvergence,0.4126,0.3811,0.3737,0.1056,0.388,0.3599,0.3788,ATTRACTOR-FAILED
40,Antisymmetry,RecursiveTrajectoryConvergence,0.3552,0.3386,0.3211,0.102,0.3259,0.3172,0.3287,ATTRACTOR-FAILED
48,Antisymmetry,RecursiveTrajectoryConvergence,0.3161,0.2967,0.2871,0.0839,0.2882,0.2883,0.2905,ATTRACTOR-FAILED
64,Antisymmetry,RecursiveTrajectoryConvergence,0.2575,0.2421,0.2382,0.0699,0.2407,0.2268,0.2405,ATTRACTOR-FAILED
80,Antisymmetry,RecursiveTrajectoryConvergence,0.2143,0.2111,0.198,0.0547,0.2042,0.1978,0.2035,ATTRACTOR-FAILED
96,Antisymmetry,RecursiveTrajectoryConvergence,0.1871,0.1791,0.1757,0.05,0.1746,0.1718,0.1763,ATTRACTOR-FAILED
128,Antisymmetry,RecursiveTrajectoryConvergence,0.1498,0.1423,0.1343,0.05,0.1386,0.1308,0.1351,ATTRACTOR-FAILED
1,Antisymmetry,HysteresisAnalysis,0.9075,0.87,0.8428,0.2587,0.8524,0.8529,0.8476,ATTRACTOR-STABLE
2,Antisymmetry,HysteresisAnalysis,0.8674,0.8295,0.8031,0.2631,0.8224,0.7895,0.8332,ATTRACTOR-STABLE
4,Antisymmetry,HysteresisAnalysis,0.8015,0.7602,0.7606,0.2304,0.7685,0.7311,0.7613,ATTRACTOR-BOUNDED
6,Antisymmetry,HysteresisAnalysis,0.7621,0.7188,0.7149,0.2198,0.6953,0.6775,0.7009,ATTRACTOR-BOUNDED
8,Antisymmetry,HysteresisAnalysis,0.7105,0.6753,0.6671,0.2253,0.6615,0.6573,0.6567,ATTRACTOR-BOUNDED
12,Antisymmetry,HysteresisAnalysis,0.6217,0.6105,0.5825,0.2014,0.5879,0.559,0.5845,ATTRACTOR-PARTIAL
16,Antisymmetry,HysteresisAnalysis,0.55,0.545,0.5351,0.1788,0.5294,0.5008,0.531,ATTRACTOR-DEGRADING
20,Antisymmetry,HysteresisAnalysis,0.5146,0.4763,0.4784,0.1532,0.4718,0.4552,0.4832,ATTRACTOR-DEGRADING
24,Antisymmetry,HysteresisAnalysis,0.4751,0.4416,0.445,0.1368,0.4356,0.4294,0.443,ATTRACTOR-DEGRADING
32,Antisymmetry,HysteresisAnalysis,0.3964,0.3751,0.3776,0.1122,0.3649,0.3657,0.3799,ATTRACTOR-FAILED
40,Antisymmetry,HysteresisAnalysis,0.3407,0.3358,0.3315,0.1021,0.3203,0.3168,0.3194,ATTRACTOR-FAILED
48,Antisymmetry,HysteresisAnalysis,0.3025,0.2944,0.2813,0.0982,0.2939,0.285,0.2816,ATTRACTOR-FAILED
64,Antisymmetry,HysteresisAnalysis,0.2474,0.239,0.2359,0.0784,0.2297,0.2321,0.2352,ATTRACTOR-FAILED
80,Antisymmetry,HysteresisAnalysis,0.2158,0.2026,0.1971,0.0637,0.1975,0.1949,0.2011,ATTRACTOR-FAILED
96,Antisymmetry,HysteresisAnalysis,0.1864,0.1789,0.1748,0.0544,0.1709,0.1696,0.1705,ATTRACTOR-FAILED
128,Antisymmetry,HysteresisAnalysis,0.143,0.1391,0.1363,0.05,0.1338,0.132,0.1336,ATTRACTOR-FAILED
1,Antisymmetry,CollapseAvoidanceDynamics,0.9364,0.8887,0.8829,0.2263,0.8716,0.8553,0.8433,ATTRACTOR-STABLE
2,Antisymmetry,CollapseAvoidanceDynamics,0.8724,0.8416,0.842,0.2257,0.8127,0.8137,0.8161,ATTRACTOR-STABLE
4,Antisymmetry,CollapseAvoidanceDynamics,0.8238,0.7606,0.7767,0.2098,0.7473,0.7685,0.7525,ATTRACTOR-STABLE
6,Antisymmetry,CollapseAvoidanceDynamics,0.7527,0.7389,0.7033,0.2033,0.7217,0.7,0.7213,ATTRACTOR-BOUNDED
8,Antisymmetry,CollapseAvoidanceDynamics,0.7169,0.6638,0.6618,0.1893,0.669,0.6658,0.6705,ATTRACTOR-BOUNDED
12,Antisymmetry,CollapseAvoidanceDynamics,0.6307,0.593,0.5794,0.1741,0.5828,0.605,0.5726,ATTRACTOR-PARTIAL
16,Antisymmetry,CollapseAvoidanceDynamics,0.5695,0.5403,0.5213,0.1569,0.5279,0.5385,0.5212,ATTRACTOR-DEGRADING
20,Antisymmetry,CollapseAvoidanceDynamics,0.517,0.4842,0.4822,0.1398,0.4691,0.4764,0.4683,ATTRACTOR-DEGRADING
24,Antisymmetry,CollapseAvoidanceDynamics,0.4783,0.4491,0.4361,0.1256,0.4284,0.4371,0.4305,ATTRACTOR-DEGRADING
32,Antisymmetry,CollapseAvoidanceDynamics,0.4029,0.3885,0.381,0.1022,0.3638,0.3691,0.3797,ATTRACTOR-FAILED
40,Antisymmetry,CollapseAvoidanceDynamics,0.3419,0.3312,0.3295,0.0984,0.3239,0.3337,0.3178,ATTRACTOR-FAILED
48,Antisymmetry,CollapseAvoidanceDynamics,0.3071,0.2983,0.2865,0.0866,0.2931,0.2939,0.2889,ATTRACTOR-FAILED
64,Antisymmetry,CollapseAvoidanceDynamics,0.2581,0.2396,0.2392,0.0623,0.2325,0.239,0.2292,ATTRACTOR-FAILED
80,Antisymmetry,CollapseAvoidanceDynamics,0.2146,0.1982,0.2032,0.0558,0.2001,0.2003,0.1937,ATTRACTOR-FAILED
96,Antisymmetry,CollapseAvoidanceDynamics,0.186,0.1762,0.1757,0.0517,0.1685,0.1729,0.1691,ATTRACTOR-FAILED
128,Antisymmetry,CollapseAvoidanceDynamics,0.1471,0.1357,0.1352,0.05,0.1348,0.1365,0.1353,ATTRACTOR-FAILED
1,Antisymmetry,AttractorPersistenceTracking,0.9215,0.8736,0.8621,0.2527,0.8688,0.8616,0.8652,ATTRACTOR-STABLE
2,Antisymmetry,AttractorPersistenceTracking,0.9042,0.8636,0.838,0.2504,0.8315,0.8099,0.8368,ATTRACTOR-STABLE
4,Antisymmetry,AttractorPersistenceTracking,0.8239,0.7973,0.7696,0.2352,0.755,0.7439,0.7617,ATTRACTOR-BOUNDED
6,Antisymmetry,AttractorPersistenceTracking,0.7798,0.7186,0.7154,0.2007,0.7304,0.6913,0.7144,ATTRACTOR-BOUNDED
8,Antisymmetry,AttractorPersistenceTracking,0.7299,0.687,0.6806,0.1812,0.6569,0.6624,0.6741,ATTRACTOR-BOUNDED
12,Antisymmetry,AttractorPersistenceTracking,0.6459,0.5942,0.5906,0.1811,0.58,0.5861,0.5989,ATTRACTOR-PARTIAL
16,Antisymmetry,AttractorPersistenceTracking,0.5699,0.5347,0.5355,0.1548,0.5286,0.514,0.5409,ATTRACTOR-DEGRADING
20,Antisymmetry,AttractorPersistenceTracking,0.5165,0.4898,0.4781,0.1469,0.4836,0.473,0.4766,ATTRACTOR-DEGRADING
24,Antisymmetry,AttractorPersistenceTracking,0.4656,0.4415,0.4363,0.1207,0.4346,0.4356,0.4421,ATTRACTOR-DEGRADING
32,Antisymmetry,AttractorPersistenceTracking,0.404,0.3847,0.3844,0.0994,0.3811,0.37,0.3846,ATTRACTOR-FAILED
40,Antisymmetry,AttractorPersistenceTracking,0.349,0.3317,0.3272,0.0988,0.3344,0.3206,0.3393,ATTRACTOR-FAILED
48,Antisymmetry,AttractorPersistenceTracking,0.306,0.3015,0.2979,0.086,0.2911,0.2886,0.2984,ATTRACTOR-FAILED
64,Antisymmetry,AttractorPersistenceTracking,0.2521,0.2476,0.2423,0.0687,0.2369,0.2301,0.2437,ATTRACTOR-FAILED
80,Antisymmetry,AttractorPersistenceTracking,0.2155,0.2071,0.1993,0.0587,0.1959,0.1932,0.2044,ATTRACTOR-FAILED
96,Antisymmetry,AttractorPersistenceTracking,0.1864,0.1767,0.1735,0.05,0.1733,0.1677,0.1775,ATTRACTOR-FAILED
128,Antisymmetry,AttractorPersistenceTracking,0.1465,0.1375,0.141,0.05,0.1394,0.1354,0.1368,ATTRACTOR-FAILED
1,Antisymmetry,PerturbationDisplacementRecovery,0.9206,0.8759,0.8782,0.2492,0.8648,0.8258,0.8673,ATTRACTOR-STABLE
2,Antisymmetry,PerturbationDisplacementRecovery,0.8668,0.8259,0.8439,0.2312,0.8097,0.8026,0.8133,ATTRACTOR-STABLE
4,Antisymmetry,PerturbationDisplacementRecovery,0.8027,0.7583,0.7646,0.2139,0.7712,0.732,0.7589,ATTRACTOR-BOUNDED
6,Antisymmetry,PerturbationDisplacementRecovery,0.7513,0.7168,0.714,0.2182,0.6935,0.6775,0.6938,ATTRACTOR-BOUNDED
8,Antisymmetry,PerturbationDisplacementRecovery,0.7118,0.6625,0.6692,0.2043,0.6736,0.6424,0.6682,ATTRACTOR-PARTIAL
12,Antisymmetry,PerturbationDisplacementRecovery,0.6296,0.5803,0.586,0.1728,0.5716,0.5796,0.5854,ATTRACTOR-PARTIAL
16,Antisymmetry,PerturbationDisplacementRecovery,0.5503,0.5341,0.5431,0.1487,0.5371,0.5039,0.5205,ATTRACTOR-DEGRADING
20,Antisymmetry,PerturbationDisplacementRecovery,0.509,0.4744,0.4863,0.1337,0.4652,0.4751,0.4684,ATTRACTOR-DEGRADING
24,Antisymmetry,PerturbationDisplacementRecovery,0.465,0.4337,0.4451,0.1307,0.4333,0.4246,0.4328,ATTRACTOR-DEGRADING
32,Antisymmetry,PerturbationDisplacementRecovery,0.3966,0.3707,0.3843,0.1121,0.3699,0.3576,0.378,ATTRACTOR-FAILED
40,Antisymmetry,PerturbationDisplacementRecovery,0.3493,0.3346,0.3318,0.1003,0.3184,0.3139,0.3302,ATTRACTOR-FAILED
48,Antisymmetry,PerturbationDisplacementRecovery,0.3058,0.2891,0.2887,0.088,0.2868,0.2806,0.2814,ATTRACTOR-FAILED
64,Antisymmetry,PerturbationDisplacementRecovery,0.2512,0.2339,0.2388,0.0725,0.2365,0.2274,0.2341,ATTRACTOR-FAILED
80,Antisymmetry,PerturbationDisplacementRecovery,0.2074,0.2037,0.1995,0.0571,0.196,0.1927,0.1954,ATTRACTOR-FAILED
96,Antisymmetry,PerturbationDisplacementRecovery,0.1788,0.1772,0.1744,0.05,0.1752,0.1706,0.1752,ATTRACTOR-FAILED
128,Antisymmetry,PerturbationDisplacementRecovery,0.1409,0.1362,0.1398,0.05,0.1358,0.1328,0.1335,ATTRACTOR-FAILED
1,Antisymmetry,NullAttractorControl,0.7388,0.6874,0.6845,0.294,0.6898,0.6646,0.6734,ATTRACTOR-BOUNDED
2,Antisymmetry,NullAttractorControl,0.7104,0.6594,0.682,0.2761,0.6717,0.6457,0.646,ATTRACTOR-PARTIAL
4,Antisymmetry,NullAttractorControl,0.643,0.6194,0.6154,0.2819,0.6305,0.5971,0.6051,ATTRACTOR-PARTIAL
6,Antisymmetry,NullAttractorControl,0.5799,0.5725,0.5736,0.2449,0.5849,0.5664,0.5572,ATTRACTOR-PARTIAL
8,Antisymmetry,NullAttractorControl,0.5665,0.5504,0.5475,0.2253,0.542,0.5171,0.539,ATTRACTOR-DEGRADING
12,Antisymmetry,NullAttractorControl,0.4934,0.4831,0.4798,0.1956,0.4887,0.4723,0.4722,ATTRACTOR-DEGRADING
16,Antisymmetry,NullAttractorControl,0.4337,0.436,0.4243,0.1948,0.4304,0.426,0.4274,ATTRACTOR-DEGRADING
20,Antisymmetry,NullAttractorControl,0.3904,0.3964,0.3966,0.1787,0.3825,0.3772,0.387,ATTRACTOR-FAILED
24,Antisymmetry,NullAttractorControl,0.372,0.3615,0.3559,0.1592,0.3587,0.347,0.3414,ATTRACTOR-FAILED
32,Antisymmetry,NullAttractorControl,0.3147,0.3105,0.3034,0.1252,0.3117,0.3016,0.3017,ATTRACTOR-FAILED
40,Antisymmetry,NullAttractorControl,0.2732,0.2605,0.2633,0.1159,0.2729,0.2575,0.2604,ATTRACTOR-FAILED
48,Antisymmetry,NullAttractorControl,0.2451,0.2414,0.2405,0.0969,0.2368,0.2247,0.224,ATTRACTOR-FAILED
64,Antisymmetry,NullAttractorControl,0.2018,0.198,0.1945,0.0834,0.1902,0.1863,0.1877,ATTRACTOR-FAILED
80,Antisymmetry,NullAttractorControl,0.1664,0.1589,0.1631,0.0721,0.1607,0.1542,0.155,ATTRACTOR-FAILED
96,Antisymmetry,NullAttractorControl,0.1418,0.1417,0.1365,0.0628,0.1401,0.1352,0.1412,ATTRACTOR-FAILED
128,Antisymmetry,NullAttractorControl,0.1159,0.1118,0.1119,0.05,0.1106,0.1045,0.1105,ATTRACTOR-FAILED
1,Neutral,AttractorBasinMapping,0.8411,0.8394,0.8224,0.2403,0.7973,0.7673,0.7965,ATTRACTOR-STABLE
2,Neutral,AttractorBasinMapping,0.8276,0.8114,0.7989,0.2309,0.7631,0.7445,0.7413,ATTRACTOR-BOUNDED
4,Neutral,AttractorBasinMapping,0.7734,0.7455,0.7102,0.2239,0.7084,0.699,0.6867,ATTRACTOR-BOUNDED
6,Neutral,AttractorBasinMapping,0.702,0.698,0.6792,0.2246,0.6642,0.6592,0.6598,ATTRACTOR-BOUNDED
8,Neutral,AttractorBasinMapping,0.6612,0.6311,0.616,0.1999,0.6085,0.599,0.592,ATTRACTOR-PARTIAL
12,Neutral,AttractorBasinMapping,0.5971,0.5584,0.5573,0.1698,0.5352,0.5392,0.5466,ATTRACTOR-DEGRADING
16,Neutral,AttractorBasinMapping,0.513,0.5002,0.495,0.1576,0.492,0.4882,0.4802,ATTRACTOR-DEGRADING
20,Neutral,AttractorBasinMapping,0.4674,0.4499,0.4503,0.1442,0.437,0.444,0.4453,ATTRACTOR-DEGRADING
24,Neutral,AttractorBasinMapping,0.4275,0.4217,0.416,0.1262,0.4044,0.3971,0.3925,ATTRACTOR-DEGRADING
32,Neutral,AttractorBasinMapping,0.371,0.3593,0.3555,0.1127,0.3477,0.3352,0.349,ATTRACTOR-FAILED
40,Neutral,AttractorBasinMapping,0.3255,0.3103,0.3067,0.1024,0.3044,0.2998,0.3022,ATTRACTOR-FAILED
48,Neutral,AttractorBasinMapping,0.2871,0.2743,0.2743,0.0872,0.2615,0.2596,0.2623,ATTRACTOR-FAILED
64,Neutral,AttractorBasinMapping,0.2369,0.2248,0.222,0.0664,0.2207,0.2138,0.2184,ATTRACTOR-FAILED
80,Neutral,AttractorBasinMapping,0.1994,0.1925,0.186,0.0607,0.1827,0.1789,0.1784,ATTRACTOR-FAILED
96,Neutral,AttractorBasinMapping,0.1699,0.1678,0.1658,0.0515,0.1546,0.1562,0.1611,ATTRACTOR-FAILED
128,Neutral,AttractorBasinMapping,0.132,0.1298,0.1305,0.05,0.1218,0.1251,0.1244,ATTRACTOR-FAILED
1,Neutral,RecursiveTrajectoryConvergence,0.8608,0.8514,0.7914,0.2506,0.8166,0.7937,0.7804,ATTRACTOR-STABLE
2,Neutral,RecursiveTrajectoryConvergence,0.8174,0.8076,0.7798,0.2359,0.7922,0.7579,0.7574,ATTRACTOR-STABLE
4,Neutral,RecursiveTrajectoryConvergence,0.7684,0.7375,0.7304,0.2268,0.719,0.6793,0.7105,ATTRACTOR-BOUNDED
6,Neutral,RecursiveTrajectoryConvergence,0.7118,0.7041,0.6503,0.2144,0.6643,0.6519,0.6675,ATTRACTOR-BOUNDED
8,Neutral,RecursiveTrajectoryConvergence,0.6602,0.6419,0.6084,0.2015,0.6097,0.606,0.6017,ATTRACTOR-PARTIAL
12,Neutral,RecursiveTrajectoryConvergence,0.5979,0.5773,0.5396,0.1942,0.5543,0.5304,0.5566,ATTRACTOR-DEGRADING
16,Neutral,RecursiveTrajectoryConvergence,0.528,0.5004,0.4902,0.1523,0.4912,0.4776,0.4875,ATTRACTOR-DEGRADING
20,Neutral,RecursiveTrajectoryConvergence,0.4683,0.4718,0.4583,0.1404,0.4416,0.4313,0.4334,ATTRACTOR-DEGRADING
24,Neutral,RecursiveTrajectoryConvergence,0.4324,0.4323,0.4187,0.1411,0.4125,0.3929,0.4089,ATTRACTOR-DEGRADING
32,Neutral,RecursiveTrajectoryConvergence,0.3751,0.3667,0.3466,0.1153,0.3421,0.3359,0.3403,ATTRACTOR-FAILED
40,Neutral,RecursiveTrajectoryConvergence,0.3203,0.3118,0.3111,0.1081,0.3066,0.3006,0.3004,ATTRACTOR-FAILED
48,Neutral,RecursiveTrajectoryConvergence,0.2905,0.2804,0.2772,0.0876,0.272,0.2546,0.2635,ATTRACTOR-FAILED
64,Neutral,RecursiveTrajectoryConvergence,0.2323,0.2319,0.2172,0.0771,0.2206,0.2104,0.2227,ATTRACTOR-FAILED
80,Neutral,RecursiveTrajectoryConvergence,0.1979,0.1934,0.1898,0.0629,0.186,0.1794,0.188,ATTRACTOR-FAILED
96,Neutral,RecursiveTrajectoryConvergence,0.1719,0.169,0.165,0.0548,0.1643,0.1575,0.1603,ATTRACTOR-FAILED
128,Neutral,RecursiveTrajectoryConvergence,0.1334,0.1333,0.1286,0.05,0.1282,0.1204,0.1282,ATTRACTOR-FAILED
1,Neutral,HysteresisAnalysis,0.865,0.8104,0.7773,0.2661,0.7764,0.7784,0.7857,ATTRACTOR-STABLE
2,Neutral,HysteresisAnalysis,0.8116,0.77,0.7466,0.2881,0.7443,0.7172,0.7519,ATTRACTOR-BOUNDED
4,Neutral,HysteresisAnalysis,0.7627,0.742,0.6973,0.2481,0.7147,0.6768,0.712,ATTRACTOR-BOUNDED
6,Neutral,HysteresisAnalysis,0.7097,0.6699,0.6522,0.2516,0.653,0.6236,0.6543,ATTRACTOR-PARTIAL
8,Neutral,HysteresisAnalysis,0.6458,0.631,0.6237,0.231,0.6179,0.5898,0.6082,ATTRACTOR-PARTIAL
12,Neutral,HysteresisAnalysis,0.5789,0.5572,0.5377,0.2023,0.5479,0.5338,0.5468,ATTRACTOR-DEGRADING
16,Neutral,HysteresisAnalysis,0.517,0.5107,0.4998,0.1766,0.4809,0.472,0.4858,ATTRACTOR-DEGRADING
20,Neutral,HysteresisAnalysis,0.4646,0.4528,0.453,0.1531,0.4301,0.4225,0.4328,ATTRACTOR-DEGRADING
24,Neutral,HysteresisAnalysis,0.4404,0.422,0.4108,0.1522,0.4082,0.3977,0.4036,ATTRACTOR-DEGRADING
32,Neutral,HysteresisAnalysis,0.3627,0.3627,0.337,0.1207,0.3453,0.3379,0.3445,ATTRACTOR-FAILED
40,Neutral,HysteresisAnalysis,0.318,0.3021,0.2994,0.1041,0.2934,0.2943,0.3023,ATTRACTOR-FAILED
48,Neutral,HysteresisAnalysis,0.2884,0.2713,0.2727,0.1006,0.2648,0.2605,0.2677,ATTRACTOR-FAILED
64,Neutral,HysteresisAnalysis,0.2313,0.2197,0.2145,0.074,0.22,0.2107,0.2209,ATTRACTOR-FAILED
80,Neutral,HysteresisAnalysis,0.1985,0.1863,0.1864,0.0626,0.1791,0.1758,0.1866,ATTRACTOR-FAILED
96,Neutral,HysteresisAnalysis,0.1664,0.1626,0.1567,0.0584,0.1541,0.1547,0.1611,ATTRACTOR-FAILED
128,Neutral,HysteresisAnalysis,0.1306,0.1295,0.1284,0.05,0.1246,0.1239,0.125,ATTRACTOR-FAILED
1,Neutral,CollapseAvoidanceDynamics,0.8396,0.8272,0.8149,0.2495,0.7899,0.7952,0.7922,ATTRACTOR-STABLE
2,Neutral,CollapseAvoidanceDynamics,0.8198,0.7806,0.7856,0.2439,0.7552,0.7575,0.7353,ATTRACTOR-STABLE
4,Neutral,CollapseAvoidanceDynamics,0.7556,0.7412,0.7115,0.2317,0.7003,0.7192,0.691,ATTRACTOR-BOUNDED
6,Neutral,CollapseAvoidanceDynamics,0.6879,0.6763,0.6621,0.2167,0.6459,0.663,0.6652,ATTRACTOR-BOUNDED
8,Neutral,CollapseAvoidanceDynamics,0.6472,0.6168,0.6292,0.2058,0.6188,0.6248,0.6205,ATTRACTOR-PARTIAL
12,Neutral,CollapseAvoidanceDynamics,0.5692,0.5449,0.5537,0.1722,0.535,0.5411,0.5352,ATTRACTOR-DEGRADING
16,Neutral,CollapseAvoidanceDynamics,0.5115,0.4891,0.4925,0.1513,0.4852,0.491,0.4904,ATTRACTOR-DEGRADING
20,Neutral,CollapseAvoidanceDynamics,0.4765,0.4436,0.4526,0.1384,0.4422,0.4494,0.4478,ATTRACTOR-DEGRADING
24,Neutral,CollapseAvoidanceDynamics,0.4341,0.4195,0.4131,0.1276,0.397,0.401,0.3977,ATTRACTOR-DEGRADING
32,Neutral,CollapseAvoidanceDynamics,0.3652,0.3531,0.3469,0.1038,0.3443,0.3461,0.3345,ATTRACTOR-FAILED
40,Neutral,CollapseAvoidanceDynamics,0.327,0.3019,0.3024,0.094,0.2974,0.3083,0.3035,ATTRACTOR-FAILED
48,Neutral,CollapseAvoidanceDynamics,0.2921,0.2691,0.2678,0.0814,0.2673,0.2655,0.265,ATTRACTOR-FAILED
64,Neutral,CollapseAvoidanceDynamics,0.2377,0.2219,0.2163,0.0746,0.2179,0.2215,0.2169,ATTRACTOR-FAILED
80,Neutral,CollapseAvoidanceDynamics,0.2008,0.1889,0.1911,0.0559,0.182,0.1884,0.179,ATTRACTOR-FAILED
96,Neutral,CollapseAvoidanceDynamics,0.1704,0.1662,0.1645,0.05,0.1537,0.1565,0.161,ATTRACTOR-FAILED
128,Neutral,CollapseAvoidanceDynamics,0.1363,0.1273,0.1246,0.05,0.1261,0.1274,0.1221,ATTRACTOR-FAILED
1,Neutral,AttractorPersistenceTracking,0.8754,0.8137,0.8243,0.2555,0.7826,0.7769,0.7885,ATTRACTOR-STABLE
2,Neutral,AttractorPersistenceTracking,0.8047,0.78,0.7701,0.2485,0.7709,0.7358,0.7635,ATTRACTOR-BOUNDED
4,Neutral,AttractorPersistenceTracking,0.7554,0.7303,0.7276,0.2359,0.7058,0.6845,0.7219,ATTRACTOR-BOUNDED
6,Neutral,AttractorPersistenceTracking,0.692,0.6946,0.6802,0.2223,0.6544,0.6267,0.6744,ATTRACTOR-PARTIAL
8,Neutral,AttractorPersistenceTracking,0.65,0.6263,0.6352,0.1938,0.6111,0.5849,0.6201,ATTRACTOR-PARTIAL
12,Neutral,AttractorPersistenceTracking,0.5833,0.5761,0.5682,0.1631,0.5385,0.5395,0.5432,ATTRACTOR-DEGRADING
16,Neutral,AttractorPersistenceTracking,0.5184,0.5005,0.4959,0.1542,0.4831,0.473,0.4831,ATTRACTOR-DEGRADING
20,Neutral,AttractorPersistenceTracking,0.4707,0.4515,0.4574,0.1519,0.4429,0.4263,0.4399,ATTRACTOR-DEGRADING
24,Neutral,AttractorPersistenceTracking,0.441,0.4204,0.4202,0.1202,0.3989,0.3862,0.402,ATTRACTOR-DEGRADING
32,Neutral,AttractorPersistenceTracking,0.3749,0.3529,0.348,0.1186,0.3515,0.3293,0.3559,ATTRACTOR-FAILED
40,Neutral,AttractorPersistenceTracking,0.3299,0.3105,0.3056,0.096,0.3023,0.2998,0.3093,ATTRACTOR-FAILED
48,Neutral,AttractorPersistenceTracking,0.2886,0.277,0.2755,0.0908,0.2705,0.2564,0.2739,ATTRACTOR-FAILED
64,Neutral,AttractorPersistenceTracking,0.2365,0.2262,0.2243,0.0646,0.2231,0.2103,0.2205,ATTRACTOR-FAILED
80,Neutral,AttractorPersistenceTracking,0.1974,0.1911,0.1899,0.0601,0.1884,0.1768,0.1847,ATTRACTOR-FAILED
96,Neutral,AttractorPersistenceTracking,0.1705,0.1633,0.1632,0.05,0.1604,0.1572,0.162,ATTRACTOR-FAILED
128,Neutral,AttractorPersistenceTracking,0.1371,0.1335,0.1293,0.05,0.1247,0.1247,0.1242,ATTRACTOR-FAILED
1,Neutral,PerturbationDisplacementRecovery,0.8241,0.8052,0.8181,0.2586,0.788,0.7531,0.7702,ATTRACTOR-STABLE
2,Neutral,PerturbationDisplacementRecovery,0.8219,0.7879,0.7562,0.2441,0.7692,0.7193,0.7494,ATTRACTOR-BOUNDED
4,Neutral,PerturbationDisplacementRecovery,0.7379,0.7196,0.7037,0.2222,0.6962,0.6758,0.6981,ATTRACTOR-BOUNDED
6,Neutral,PerturbationDisplacementRecovery,0.6846,0.6535,0.6819,0.2063,0.6513,0.6415,0.637,ATTRACTOR-PARTIAL
8,Neutral,PerturbationDisplacementRecovery,0.6446,0.6236,0.6297,0.2091,0.6002,0.6017,0.5929,ATTRACTOR-PARTIAL
12,Neutral,PerturbationDisplacementRecovery,0.5786,0.5394,0.5411,0.191,0.5489,0.524,0.5428,ATTRACTOR-DEGRADING
16,Neutral,PerturbationDisplacementRecovery,0.5232,0.4981,0.4972,0.1678,0.4744,0.4713,0.4775,ATTRACTOR-DEGRADING
20,Neutral,PerturbationDisplacementRecovery,0.4659,0.4475,0.4508,0.1449,0.4441,0.4284,0.4413,ATTRACTOR-DEGRADING
24,Neutral,PerturbationDisplacementRecovery,0.4286,0.4199,0.4026,0.1449,0.4042,0.3938,0.4013,ATTRACTOR-DEGRADING
32,Neutral,PerturbationDisplacementRecovery,0.362,0.3477,0.353,0.1139,0.3343,0.3405,0.3485,ATTRACTOR-FAILED
40,Neutral,PerturbationDisplacementRecovery,0.3196,0.3105,0.3081,0.1,0.2969,0.2875,0.3034,ATTRACTOR-FAILED
48,Neutral,PerturbationDisplacementRecovery,0.2768,0.2695,0.2766,0.0842,0.27,0.2526,0.27,ATTRACTOR-FAILED
64,Neutral,PerturbationDisplacementRecovery,0.2356,0.2198,0.2177,0.0755,0.2131,0.2097,0.2188,ATTRACTOR-FAILED
80,Neutral,PerturbationDisplacementRecovery,0.1927,0.1903,0.1894,0.0609,0.1829,0.1811,0.1865,ATTRACTOR-FAILED
96,Neutral,PerturbationDisplacementRecovery,0.1709,0.1597,0.1612,0.0551,0.1567,0.1558,0.1603,ATTRACTOR-FAILED
128,Neutral,PerturbationDisplacementRecovery,0.1347,0.13,0.1253,0.05,0.127,0.1227,0.1222,ATTRACTOR-FAILED
1,Neutral,NullAttractorControl,0.6351,0.6512,0.65,0.3001,0.65,0.5886,0.6084,ATTRACTOR-PARTIAL
2,Neutral,NullAttractorControl,0.6156,0.6352,0.5994,0.3028,0.6242,0.5962,0.601,ATTRACTOR-PARTIAL
4,Neutral,NullAttractorControl,0.5664,0.5578,0.5749,0.2652,0.5544,0.5239,0.5621,ATTRACTOR-DEGRADING
6,Neutral,NullAttractorControl,0.5499,0.531,0.5283,0.2512,0.5118,0.5006,0.5158,ATTRACTOR-DEGRADING
8,Neutral,NullAttractorControl,0.4983,0.5053,0.4791,0.2302,0.5027,0.4681,0.4819,ATTRACTOR-DEGRADING
12,Neutral,NullAttractorControl,0.4446,0.4504,0.4397,0.2166,0.4383,0.4155,0.4188,ATTRACTOR-DEGRADING
16,Neutral,NullAttractorControl,0.3903,0.3911,0.3787,0.2054,0.3843,0.3787,0.3759,ATTRACTOR-FAILED
20,Neutral,NullAttractorControl,0.3615,0.3514,0.3443,0.1813,0.3537,0.3389,0.3318,ATTRACTOR-FAILED
24,Neutral,NullAttractorControl,0.3249,0.3273,0.3253,0.1507,0.3197,0.317,0.3118,ATTRACTOR-FAILED
32,Neutral,NullAttractorControl,0.2767,0.2795,0.2742,0.1399,0.2737,0.2649,0.2685,ATTRACTOR-FAILED
40,Neutral,NullAttractorControl,0.2459,0.2494,0.2396,0.1265,0.2344,0.2305,0.2288,ATTRACTOR-FAILED
48,Neutral,NullAttractorControl,0.2229,0.2119,0.2157,0.11,0.2143,0.2027,0.21,ATTRACTOR-FAILED
64,Neutral,NullAttractorControl,0.1768,0.1803,0.1693,0.0835,0.173,0.1619,0.1725,ATTRACTOR-FAILED
80,Neutral,NullAttractorControl,0.1497,0.1463,0.1507,0.0724,0.1449,0.1407,0.1471,ATTRACTOR-FAILED
96,Neutral,NullAttractorControl,0.1308,0.1257,0.1272,0.062,0.1271,0.1229,0.1202,ATTRACTOR-FAILED
128,Neutral,NullAttractorControl,0.1,0.0988,0.1017,0.0503,0.0976,0.0962,0.0986,ATTRACTOR-FAILED
1,Projection-Antisymmetry,AttractorBasinMapping,0.8685,0.8085,0.8332,0.2564,0.7787,0.7729,0.7683,ATTRACTOR-STABLE
2,Projection-Antisymmetry,AttractorBasinMapping,0.8141,0.8044,0.7734,0.2537,0.7672,0.7551,0.75,ATTRACTOR-STABLE
4,Projection-Antisymmetry,AttractorBasinMapping,0.7573,0.7297,0.7288,0.2223,0.7096,0.6827,0.7105,ATTRACTOR-BOUNDED
6,Projection-Antisymmetry,AttractorBasinMapping,0.7139,0.6871,0.6835,0.2081,0.66,0.6653,0.6341,ATTRACTOR-BOUNDED
8,Projection-Antisymmetry,AttractorBasinMapping,0.6758,0.6375,0.6425,0.1844,0.6023,0.594,0.606,ATTRACTOR-PARTIAL
12,Projection-Antisymmetry,AttractorBasinMapping,0.5932,0.5759,0.5533,0.1622,0.5465,0.5372,0.5489,ATTRACTOR-DEGRADING
16,Projection-Antisymmetry,AttractorBasinMapping,0.5246,0.4948,0.4923,0.1476,0.4701,0.4878,0.4926,ATTRACTOR-DEGRADING
20,Projection-Antisymmetry,AttractorBasinMapping,0.4742,0.4524,0.4596,0.1389,0.4369,0.4374,0.4305,ATTRACTOR-DEGRADING
24,Projection-Antisymmetry,AttractorBasinMapping,0.4316,0.4281,0.4065,0.1283,0.4009,0.3938,0.4095,ATTRACTOR-DEGRADING
32,Projection-Antisymmetry,AttractorBasinMapping,0.3707,0.3513,0.3613,0.1084,0.3417,0.3402,0.3491,ATTRACTOR-FAILED
40,Projection-Antisymmetry,AttractorBasinMapping,0.3283,0.3164,0.3039,0.0969,0.3031,0.3037,0.299,ATTRACTOR-FAILED
48,Projection-Antisymmetry,AttractorBasinMapping,0.2904,0.2716,0.273,0.0874,0.2639,0.2622,0.2631,ATTRACTOR-FAILED
64,Projection-Antisymmetry,AttractorBasinMapping,0.2335,0.2304,0.2289,0.0703,0.2109,0.2191,0.211,ATTRACTOR-FAILED
80,Projection-Antisymmetry,AttractorBasinMapping,0.1987,0.1927,0.187,0.0589,0.1812,0.1843,0.1794,ATTRACTOR-FAILED
96,Projection-Antisymmetry,AttractorBasinMapping,0.1726,0.1679,0.1625,0.05,0.1588,0.1568,0.1553,ATTRACTOR-FAILED
128,Projection-Antisymmetry,AttractorBasinMapping,0.136,0.1281,0.1309,0.05,0.1257,0.1229,0.1263,ATTRACTOR-FAILED
1,Projection-Antisymmetry,RecursiveTrajectoryConvergence,0.8471,0.8221,0.8026,0.2564,0.8166,0.7922,0.8058,ATTRACTOR-STABLE
2,Projection-Antisymmetry,RecursiveTrajectoryConvergence,0.8096,0.8069,0.7801,0.24,0.7647,0.7446,0.7746,ATTRACTOR-BOUNDED
4,Projection-Antisymmetry,RecursiveTrajectoryConvergence,0.7688,0.7462,0.7044,0.2462,0.7085,0.6772,0.6933,ATTRACTOR-BOUNDED
6,Projection-Antisymmetry,RecursiveTrajectoryConvergence,0.7211,0.6973,0.6778,0.2178,0.662,0.6509,0.6697,ATTRACTOR-BOUNDED
8,Projection-Antisymmetry,RecursiveTrajectoryConvergence,0.6707,0.6513,0.626,0.2168,0.6086,0.6002,0.6072,ATTRACTOR-PARTIAL
12,Projection-Antisymmetry,RecursiveTrajectoryConvergence,0.5836,0.56,0.5441,0.193,0.5394,0.5228,0.5449,ATTRACTOR-DEGRADING
16,Projection-Antisymmetry,RecursiveTrajectoryConvergence,0.5288,0.5243,0.5036,0.174,0.4972,0.4837,0.476,ATTRACTOR-DEGRADING
20,Projection-Antisymmetry,RecursiveTrajectoryConvergence,0.4686,0.473,0.4391,0.1575,0.4399,0.4278,0.4321,ATTRACTOR-DEGRADING
24,Projection-Antisymmetry,RecursiveTrajectoryConvergence,0.4406,0.4155,0.4117,0.1405,0.4155,0.3949,0.4074,ATTRACTOR-DEGRADING
32,Projection-Antisymmetry,RecursiveTrajectoryConvergence,0.3718,0.3613,0.3474,0.1222,0.3517,0.3442,0.3466,ATTRACTOR-FAILED
40,Projection-Antisymmetry,RecursiveTrajectoryConvergence,0.3299,0.3165,0.3027,0.0961,0.2993,0.2956,0.3086,ATTRACTOR-FAILED
48,Projection-Antisymmetry,RecursiveTrajectoryConvergence,0.2874,0.2813,0.2706,0.0841,0.2696,0.2551,0.2653,ATTRACTOR-FAILED
64,Projection-Antisymmetry,RecursiveTrajectoryConvergence,0.2404,0.2316,0.2188,0.0745,0.2222,0.2075,0.2146,ATTRACTOR-FAILED
80,Projection-Antisymmetry,RecursiveTrajectoryConvergence,0.201,0.1921,0.188,0.061,0.1856,0.1834,0.1828,ATTRACTOR-FAILED
96,Projection-Antisymmetry,RecursiveTrajectoryConvergence,0.1716,0.1692,0.1611,0.0536,0.159,0.1535,0.1621,ATTRACTOR-FAILED
128,Projection-Antisymmetry,RecursiveTrajectoryConvergence,0.1386,0.1307,0.1282,0.05,0.1278,0.1216,0.1285,ATTRACTOR-FAILED
1,Projection-Antisymmetry,HysteresisAnalysis,0.8633,0.8091,0.7796,0.2862,0.7922,0.7743,0.7667,ATTRACTOR-STABLE
2,Projection-Antisymmetry,HysteresisAnalysis,0.8265,0.7793,0.7508,0.2553,0.7393,0.7499,0.7699,ATTRACTOR-BOUNDED
4,Projection-Antisymmetry,HysteresisAnalysis,0.7679,0.7179,0.7023,0.2409,0.7089,0.6821,0.6852,ATTRACTOR-BOUNDED
6,Projection-Antisymmetry,HysteresisAnalysis,0.7,0.6674,0.6739,0.2285,0.6444,0.6165,0.6587,ATTRACTOR-PARTIAL
8,Projection-Antisymmetry,HysteresisAnalysis,0.6671,0.6419,0.6037,0.2263,0.6209,0.598,0.6177,ATTRACTOR-PARTIAL
12,Projection-Antisymmetry,HysteresisAnalysis,0.5795,0.5518,0.5429,0.1903,0.5311,0.52,0.5379,ATTRACTOR-DEGRADING
16,Projection-Antisymmetry,HysteresisAnalysis,0.5118,0.4982,0.4851,0.1826,0.4886,0.4664,0.4712,ATTRACTOR-DEGRADING
20,Projection-Antisymmetry,HysteresisAnalysis,0.4795,0.4607,0.4503,0.1606,0.4419,0.4265,0.4445,ATTRACTOR-DEGRADING
24,Projection-Antisymmetry,HysteresisAnalysis,0.4226,0.4081,0.4127,0.1437,0.3985,0.381,0.4048,ATTRACTOR-DEGRADING
32,Projection-Antisymmetry,HysteresisAnalysis,0.3643,0.3494,0.3539,0.1255,0.3456,0.3283,0.3453,ATTRACTOR-FAILED
40,Projection-Antisymmetry,HysteresisAnalysis,0.3213,0.3122,0.2961,0.1065,0.298,0.2915,0.2924,ATTRACTOR-FAILED
48,Projection-Antisymmetry,HysteresisAnalysis,0.2805,0.2787,0.2742,0.0971,0.2668,0.2509,0.2624,ATTRACTOR-FAILED
64,Projection-Antisymmetry,HysteresisAnalysis,0.2305,0.2287,0.2128,0.0788,0.2153,0.2069,0.2204,ATTRACTOR-FAILED
80,Projection-Antisymmetry,HysteresisAnalysis,0.1934,0.1892,0.1883,0.0699,0.1791,0.1753,0.1808,ATTRACTOR-FAILED
96,Projection-Antisymmetry,HysteresisAnalysis,0.1672,0.165,0.1628,0.0562,0.154,0.1559,0.1538,ATTRACTOR-FAILED
128,Projection-Antisymmetry,HysteresisAnalysis,0.1316,0.1291,0.1265,0.05,0.1221,0.1232,0.1243,ATTRACTOR-FAILED
1,Projection-Antisymmetry,CollapseAvoidanceDynamics,0.8556,0.8052,0.7896,0.2744,0.7807,0.7896,0.7827,ATTRACTOR-STABLE
2,Projection-Antisymmetry,CollapseAvoidanceDynamics,0.8297,0.7809,0.7833,0.2547,0.7529,0.7771,0.7477,ATTRACTOR-STABLE
4,Projection-Antisymmetry,CollapseAvoidanceDynamics,0.7685,0.7372,0.7204,0.231,0.706,0.7124,0.6982,ATTRACTOR-BOUNDED
6,Projection-Antisymmetry,CollapseAvoidanceDynamics,0.6929,0.6889,0.6727,0.2234,0.6417,0.6545,0.6439,ATTRACTOR-BOUNDED
8,Projection-Antisymmetry,CollapseAvoidanceDynamics,0.6463,0.6376,0.6073,0.1863,0.6165,0.6136,0.6137,ATTRACTOR-PARTIAL
12,Projection-Antisymmetry,CollapseAvoidanceDynamics,0.5786,0.5641,0.551,0.1719,0.5445,0.5366,0.5282,ATTRACTOR-DEGRADING
16,Projection-Antisymmetry,CollapseAvoidanceDynamics,0.5328,0.5035,0.5018,0.152,0.4867,0.4988,0.47,ATTRACTOR-DEGRADING
20,Projection-Antisymmetry,CollapseAvoidanceDynamics,0.4804,0.4627,0.4396,0.1513,0.434,0.4516,0.431,ATTRACTOR-DEGRADING
24,Projection-Antisymmetry,CollapseAvoidanceDynamics,0.4295,0.4115,0.4041,0.1308,0.394,0.4097,0.4016,ATTRACTOR-DEGRADING
32,Projection-Antisymmetry,CollapseAvoidanceDynamics,0.3726,0.3545,0.354,0.1143,0.3493,0.3371,0.3416,ATTRACTOR-FAILED
40,Projection-Antisymmetry,CollapseAvoidanceDynamics,0.3269,0.3162,0.3029,0.0973,0.2966,0.305,0.2921,ATTRACTOR-FAILED
48,Projection-Antisymmetry,CollapseAvoidanceDynamics,0.2921,0.2689,0.2772,0.0838,0.2647,0.2659,0.2597,ATTRACTOR-FAILED
64,Projection-Antisymmetry,CollapseAvoidanceDynamics,0.2365,0.2254,0.2215,0.0683,0.2144,0.2135,0.2193,ATTRACTOR-FAILED
80,Projection-Antisymmetry,CollapseAvoidanceDynamics,0.2004,0.1853,0.1879,0.0568,0.184,0.1805,0.1823,ATTRACTOR-FAILED
96,Projection-Antisymmetry,CollapseAvoidanceDynamics,0.1686,0.1651,0.1609,0.0507,0.1613,0.1579,0.1542,ATTRACTOR-FAILED
128,Projection-Antisymmetry,CollapseAvoidanceDynamics,0.1323,0.1274,0.1268,0.05,0.1217,0.1228,0.1257,ATTRACTOR-FAILED
1,Projection-Antisymmetry,AttractorPersistenceTracking,0.8748,0.821,0.8046,0.2619,0.7818,0.777,0.8093,ATTRACTOR-STABLE
2,Projection-Antisymmetry,AttractorPersistenceTracking,0.8223,0.7812,0.7689,0.2621,0.7741,0.7251,0.7677,ATTRACTOR-BOUNDED
4,Projection-Antisymmetry,AttractorPersistenceTracking,0.7443,0.7158,0.7271,0.2173,0.6972,0.6923,0.7047,ATTRACTOR-BOUNDED
6,Projection-Antisymmetry,AttractorPersistenceTracking,0.7135,0.6786,0.6869,0.2051,0.6516,0.6337,0.6743,ATTRACTOR-PARTIAL
8,Projection-Antisymmetry,AttractorPersistenceTracking,0.6757,0.6269,0.6332,0.2091,0.627,0.6053,0.623,ATTRACTOR-PARTIAL
12,Projection-Antisymmetry,AttractorPersistenceTracking,0.5922,0.5772,0.5507,0.1762,0.5332,0.5345,0.5485,ATTRACTOR-DEGRADING
16,Projection-Antisymmetry,AttractorPersistenceTracking,0.5208,0.5095,0.4941,0.1583,0.4942,0.4874,0.4894,ATTRACTOR-DEGRADING
20,Projection-Antisymmetry,AttractorPersistenceTracking,0.4663,0.4547,0.4444,0.1434,0.4527,0.4301,0.4437,ATTRACTOR-DEGRADING
24,Projection-Antisymmetry,AttractorPersistenceTracking,0.4423,0.4185,0.4204,0.1361,0.408,0.3924,0.4124,ATTRACTOR-DEGRADING
32,Projection-Antisymmetry,AttractorPersistenceTracking,0.3688,0.3501,0.3608,0.116,0.3506,0.3376,0.3532,ATTRACTOR-FAILED
40,Projection-Antisymmetry,AttractorPersistenceTracking,0.3318,0.3182,0.3111,0.0955,0.3085,0.2962,0.3107,ATTRACTOR-FAILED
48,Projection-Antisymmetry,AttractorPersistenceTracking,0.2906,0.2724,0.2776,0.0894,0.2738,0.2655,0.276,ATTRACTOR-FAILED
64,Projection-Antisymmetry,AttractorPersistenceTracking,0.2389,0.2236,0.2202,0.0661,0.2233,0.217,0.2158,ATTRACTOR-FAILED
80,Projection-Antisymmetry,AttractorPersistenceTracking,0.2021,0.1924,0.1931,0.0585,0.186,0.183,0.1836,ATTRACTOR-FAILED
96,Projection-Antisymmetry,AttractorPersistenceTracking,0.17,0.1666,0.1642,0.05,0.1567,0.1547,0.1605,ATTRACTOR-FAILED
128,Projection-Antisymmetry,AttractorPersistenceTracking,0.1321,0.1294,0.1265,0.05,0.1234,0.1203,0.1274,ATTRACTOR-FAILED
1,Projection-Antisymmetry,PerturbationDisplacementRecovery,0.8342,0.8224,0.8214,0.2559,0.7685,0.7641,0.7664,ATTRACTOR-STABLE
2,Projection-Antisymmetry,PerturbationDisplacementRecovery,0.8167,0.7785,0.7863,0.2614,0.757,0.7199,0.7566,ATTRACTOR-BOUNDED
4,Projection-Antisymmetry,PerturbationDisplacementRecovery,0.7461,0.7093,0.701,0.2462,0.7154,0.6766,0.7035,ATTRACTOR-BOUNDED
6,Projection-Antisymmetry,PerturbationDisplacementRecovery,0.7104,0.6693,0.6524,0.2148,0.641,0.6304,0.6568,ATTRACTOR-PARTIAL
8,Projection-Antisymmetry,PerturbationDisplacementRecovery,0.6449,0.635,0.6222,0.2145,0.6003,0.5824,0.5944,ATTRACTOR-PARTIAL
12,Projection-Antisymmetry,PerturbationDisplacementRecovery,0.5887,0.5506,0.5575,0.1773,0.5461,0.5268,0.5444,ATTRACTOR-DEGRADING
16,Projection-Antisymmetry,PerturbationDisplacementRecovery,0.5224,0.4945,0.4974,0.1702,0.4885,0.4778,0.4881,ATTRACTOR-DEGRADING
20,Projection-Antisymmetry,PerturbationDisplacementRecovery,0.4745,0.4459,0.4464,0.1428,0.4401,0.4219,0.4432,ATTRACTOR-DEGRADING
24,Projection-Antisymmetry,PerturbationDisplacementRecovery,0.4197,0.3997,0.4088,0.1292,0.3919,0.3824,0.3932,ATTRACTOR-FAILED
32,Projection-Antisymmetry,PerturbationDisplacementRecovery,0.3601,0.3462,0.3419,0.1111,0.3407,0.3398,0.3404,ATTRACTOR-FAILED
40,Projection-Antisymmetry,PerturbationDisplacementRecovery,0.3172,0.3048,0.3066,0.1045,0.2929,0.2947,0.3027,ATTRACTOR-FAILED
48,Projection-Antisymmetry,PerturbationDisplacementRecovery,0.2818,0.2659,0.2746,0.0851,0.2672,0.2586,0.2599,ATTRACTOR-FAILED
64,Projection-Antisymmetry,PerturbationDisplacementRecovery,0.23,0.2219,0.224,0.0777,0.2205,0.2107,0.2179,ATTRACTOR-FAILED
80,Projection-Antisymmetry,PerturbationDisplacementRecovery,0.1903,0.1825,0.1898,0.0589,0.1842,0.1802,0.1779,ATTRACTOR-FAILED
96,Projection-Antisymmetry,PerturbationDisplacementRecovery,0.1686,0.1602,0.1622,0.0518,0.1603,0.1498,0.1537,ATTRACTOR-FAILED
128,Projection-Antisymmetry,PerturbationDisplacementRecovery,0.1306,0.129,0.1303,0.05,0.1233,0.1183,0.126,ATTRACTOR-FAILED
1,Projection-Antisymmetry,NullAttractorControl,0.6674,0.6305,0.6401,0.2969,0.6182,0.5885,0.6274,ATTRACTOR-PARTIAL
2,Projection-Antisymmetry,NullAttractorControl,0.639,0.6162,0.6194,0.3202,0.6071,0.5839,0.5836,ATTRACTOR-PARTIAL
4,Projection-Antisymmetry,NullAttractorControl,0.593,0.5674,0.5697,0.2652,0.5647,0.5465,0.535,ATTRACTOR-DEGRADING
6,Projection-Antisymmetry,NullAttractorControl,0.5447,0.5276,0.5359,0.2484,0.5123,0.4875,0.5172,ATTRACTOR-DEGRADING
8,Projection-Antisymmetry,NullAttractorControl,0.5172,0.4873,0.5021,0.2388,0.5056,0.4652,0.4636,ATTRACTOR-DEGRADING
12,Projection-Antisymmetry,NullAttractorControl,0.4559,0.4325,0.4395,0.2273,0.4333,0.4115,0.4143,ATTRACTOR-DEGRADING
16,Projection-Antisymmetry,NullAttractorControl,0.4097,0.4061,0.3853,0.2038,0.3925,0.3631,0.3693,ATTRACTOR-DEGRADING
20,Projection-Antisymmetry,NullAttractorControl,0.3682,0.3629,0.3452,0.1666,0.3576,0.3455,0.3488,ATTRACTOR-FAILED
24,Projection-Antisymmetry,NullAttractorControl,0.331,0.3306,0.3155,0.1626,0.3187,0.3152,0.3182,ATTRACTOR-FAILED
32,Projection-Antisymmetry,NullAttractorControl,0.2834,0.2728,0.2773,0.1351,0.28,0.2699,0.2594,ATTRACTOR-FAILED
40,Projection-Antisymmetry,NullAttractorControl,0.2441,0.248,0.2392,0.1139,0.2419,0.2321,0.24,ATTRACTOR-FAILED
48,Projection-Antisymmetry,NullAttractorControl,0.225,0.2213,0.2098,0.1093,0.2101,0.2035,0.2112,ATTRACTOR-FAILED
64,Projection-Antisymmetry,NullAttractorControl,0.1769,0.1781,0.1775,0.0861,0.1755,0.1615,0.1706,ATTRACTOR-FAILED
80,Projection-Antisymmetry,NullAttractorControl,0.1537,0.1505,0.1483,0.0724,0.1477,0.1368,0.141,ATTRACTOR-FAILED
96,Projection-Antisymmetry,NullAttractorControl,0.1336,0.1326,0.1251,0.0598,0.1271,0.1237,0.1269,ATTRACTOR-FAILED
128,Projection-Antisymmetry,NullAttractorControl,0.1023,0.1031,0.1013,0.0517,0.0973,0.093,0.0971,ATTRACTOR-FAILED
1,Projection-Neutral,AttractorBasinMapping,0.8375,0.8232,0.8085,0.2555,0.7963,0.7978,0.7907,ATTRACTOR-STABLE
2,Projection-Neutral,AttractorBasinMapping,0.8406,0.7897,0.7872,0.2554,0.7562,0.7698,0.7665,ATTRACTOR-STABLE
4,Projection-Neutral,AttractorBasinMapping,0.768,0.7288,0.7294,0.2403,0.7046,0.6893,0.71,ATTRACTOR-BOUNDED
6,Projection-Neutral,AttractorBasinMapping,0.6916,0.6778,0.6595,0.2055,0.6554,0.649,0.6385,ATTRACTOR-PARTIAL
8,Projection-Neutral,AttractorBasinMapping,0.6688,0.6529,0.6399,0.195,0.6112,0.6071,0.6179,ATTRACTOR-PARTIAL
12,Projection-Neutral,AttractorBasinMapping,0.5886,0.558,0.5579,0.1746,0.5349,0.5358,0.5406,ATTRACTOR-DEGRADING
16,Projection-Neutral,AttractorBasinMapping,0.5225,0.4962,0.4989,0.1664,0.4845,0.4851,0.4784,ATTRACTOR-DEGRADING
20,Projection-Neutral,AttractorBasinMapping,0.4699,0.4641,0.4603,0.1345,0.441,0.4364,0.431,ATTRACTOR-DEGRADING
24,Projection-Neutral,AttractorBasinMapping,0.4285,0.4151,0.4198,0.1328,0.3916,0.3936,0.3932,ATTRACTOR-DEGRADING
32,Projection-Neutral,AttractorBasinMapping,0.3647,0.358,0.356,0.1042,0.3351,0.336,0.3495,ATTRACTOR-FAILED
40,Projection-Neutral,AttractorBasinMapping,0.3245,0.3086,0.3125,0.0956,0.2923,0.3009,0.2975,ATTRACTOR-FAILED
48,Projection-Neutral,AttractorBasinMapping,0.288,0.2758,0.2685,0.0842,0.2671,0.2586,0.27,ATTRACTOR-FAILED
64,Projection-Neutral,AttractorBasinMapping,0.2309,0.2238,0.2204,0.0671,0.214,0.2172,0.2206,ATTRACTOR-FAILED
80,Projection-Neutral,AttractorBasinMapping,0.1987,0.1872,0.1922,0.0559,0.1844,0.1854,0.1859,ATTRACTOR-FAILED
96,Projection-Neutral,AttractorBasinMapping,0.1726,0.1671,0.1617,0.0518,0.1549,0.1537,0.1537,ATTRACTOR-FAILED
128,Projection-Neutral,AttractorBasinMapping,0.1365,0.1319,0.1298,0.05,0.1248,0.121,0.1266,ATTRACTOR-FAILED
1,Projection-Neutral,RecursiveTrajectoryConvergence,0.8652,0.8275,0.8149,0.281,0.8108,0.7687,0.7869,ATTRACTOR-STABLE
2,Projection-Neutral,RecursiveTrajectoryConvergence,0.8177,0.798,0.7746,0.2561,0.7618,0.7265,0.7773,ATTRACTOR-BOUNDED
4,Projection-Neutral,RecursiveTrajectoryConvergence,0.7758,0.7396,0.6991,0.2429,0.7095,0.6741,0.7182,ATTRACTOR-BOUNDED
6,Projection-Neutral,RecursiveTrajectoryConvergence,0.7259,0.6947,0.6547,0.2188,0.6741,0.6504,0.6661,ATTRACTOR-BOUNDED
8,Projection-Neutral,RecursiveTrajectoryConvergence,0.6781,0.656,0.6349,0.2065,0.637,0.596,0.6253,ATTRACTOR-PARTIAL
12,Projection-Neutral,RecursiveTrajectoryConvergence,0.5993,0.5694,0.5611,0.1907,0.5592,0.5216,0.5468,ATTRACTOR-DEGRADING
16,Projection-Neutral,RecursiveTrajectoryConvergence,0.5181,0.5092,0.4898,0.1632,0.4937,0.4849,0.4917,ATTRACTOR-DEGRADING
20,Projection-Neutral,RecursiveTrajectoryConvergence,0.4692,0.4679,0.4465,0.1518,0.4524,0.4208,0.4461,ATTRACTOR-DEGRADING
24,Projection-Neutral,RecursiveTrajectoryConvergence,0.4325,0.4313,0.4111,0.1328,0.4019,0.3914,0.3954,ATTRACTOR-DEGRADING
32,Projection-Neutral,RecursiveTrajectoryConvergence,0.38,0.3613,0.3535,0.1215,0.3524,0.3454,0.3403,ATTRACTOR-FAILED
40,Projection-Neutral,RecursiveTrajectoryConvergence,0.3202,0.3187,0.299,0.099,0.3077,0.2942,0.2988,ATTRACTOR-FAILED
48,Projection-Neutral,RecursiveTrajectoryConvergence,0.289,0.2771,0.2745,0.0902,0.2698,0.2642,0.2693,ATTRACTOR-FAILED
64,Projection-Neutral,RecursiveTrajectoryConvergence,0.2358,0.2248,0.2194,0.0685,0.2261,0.2093,0.2161,ATTRACTOR-FAILED
80,Projection-Neutral,RecursiveTrajectoryConvergence,0.1954,0.1951,0.1831,0.0616,0.1858,0.1822,0.181,ATTRACTOR-FAILED
96,Projection-Neutral,RecursiveTrajectoryConvergence,0.1724,0.1648,0.1602,0.0536,0.1615,0.1572,0.163,ATTRACTOR-FAILED
128,Projection-Neutral,RecursiveTrajectoryConvergence,0.1335,0.135,0.1277,0.05,0.1281,0.1233,0.1261,ATTRACTOR-FAILED
1,Projection-Neutral,HysteresisAnalysis,0.8397,0.7993,0.7812,0.2767,0.7939,0.7522,0.7758,ATTRACTOR-STABLE
2,Projection-Neutral,HysteresisAnalysis,0.811,0.794,0.782,0.2738,0.7384,0.7227,0.7469,ATTRACTOR-BOUNDED
4,Projection-Neutral,HysteresisAnalysis,0.7641,0.7152,0.7186,0.2428,0.6824,0.6792,0.7029,ATTRACTOR-BOUNDED
6,Projection-Neutral,HysteresisAnalysis,0.6983,0.6787,0.6485,0.2303,0.6643,0.6189,0.6635,ATTRACTOR-PARTIAL
8,Projection-Neutral,HysteresisAnalysis,0.6392,0.6164,0.6154,0.219,0.6046,0.583,0.6043,ATTRACTOR-PARTIAL
12,Projection-Neutral,HysteresisAnalysis,0.5802,0.571,0.5536,0.1849,0.5295,0.51,0.5493,ATTRACTOR-DEGRADING
16,Projection-Neutral,HysteresisAnalysis,0.5306,0.5029,0.4784,0.1868,0.4882,0.4666,0.4789,ATTRACTOR-DEGRADING
20,Projection-Neutral,HysteresisAnalysis,0.4763,0.4504,0.4453,0.1555,0.4383,0.4336,0.4262,ATTRACTOR-DEGRADING
24,Projection-Neutral,HysteresisAnalysis,0.4294,0.4061,0.4091,0.1535,0.3905,0.3858,0.4097,ATTRACTOR-DEGRADING
32,Projection-Neutral,HysteresisAnalysis,0.368,0.3523,0.3387,0.1183,0.3348,0.3259,0.3497,ATTRACTOR-FAILED
40,Projection-Neutral,HysteresisAnalysis,0.3186,0.3155,0.302,0.1096,0.2977,0.2877,0.2995,ATTRACTOR-FAILED
48,Projection-Neutral,HysteresisAnalysis,0.2866,0.2781,0.2734,0.0996,0.2605,0.2639,0.2702,ATTRACTOR-FAILED
64,Projection-Neutral,HysteresisAnalysis,0.2283,0.2202,0.2229,0.0785,0.2151,0.2125,0.2124,ATTRACTOR-FAILED
80,Projection-Neutral,HysteresisAnalysis,0.198,0.1846,0.186,0.0687,0.1787,0.1808,0.1826,ATTRACTOR-FAILED
96,Projection-Neutral,HysteresisAnalysis,0.1715,0.1649,0.16,0.0589,0.1611,0.156,0.1566,ATTRACTOR-FAILED
128,Projection-Neutral,HysteresisAnalysis,0.1314,0.1297,0.1239,0.05,0.1219,0.1235,0.1237,ATTRACTOR-FAILED
1,Projection-Neutral,CollapseAvoidanceDynamics,0.8365,0.8171,0.8035,0.2391,0.772,0.8103,0.78,ATTRACTOR-STABLE
2,Projection-Neutral,CollapseAvoidanceDynamics,0.8116,0.7928,0.7812,0.2416,0.7442,0.7508,0.7657,ATTRACTOR-STABLE
4,Projection-Neutral,CollapseAvoidanceDynamics,0.7434,0.7366,0.7086,0.2278,0.6904,0.7172,0.71,ATTRACTOR-BOUNDED
6,Projection-Neutral,CollapseAvoidanceDynamics,0.7026,0.6807,0.6594,0.2177,0.6454,0.6513,0.6536,ATTRACTOR-BOUNDED
8,Projection-Neutral,CollapseAvoidanceDynamics,0.6726,0.6151,0.6277,0.1897,0.5996,0.6148,0.5959,ATTRACTOR-PARTIAL
12,Projection-Neutral,CollapseAvoidanceDynamics,0.5767,0.5506,0.5402,0.1672,0.5358,0.5307,0.5408,ATTRACTOR-DEGRADING
16,Projection-Neutral,CollapseAvoidanceDynamics,0.5237,0.5079,0.4975,0.1484,0.4704,0.4867,0.479,ATTRACTOR-DEGRADING
20,Projection-Neutral,CollapseAvoidanceDynamics,0.4834,0.4486,0.4465,0.1527,0.4479,0.4479,0.4439,ATTRACTOR-DEGRADING
24,Projection-Neutral,CollapseAvoidanceDynamics,0.4293,0.4151,0.4114,0.1288,0.3983,0.4082,0.403,ATTRACTOR-DEGRADING
32,Projection-Neutral,CollapseAvoidanceDynamics,0.3667,0.3585,0.3495,0.1151,0.3332,0.3412,0.3361,ATTRACTOR-FAILED
40,Projection-Neutral,CollapseAvoidanceDynamics,0.3216,0.3101,0.2991,0.098,0.2993,0.3059,0.2948,ATTRACTOR-FAILED
48,Projection-Neutral,CollapseAvoidanceDynamics,0.2845,0.2762,0.2754,0.0826,0.2652,0.2629,0.2611,ATTRACTOR-FAILED
64,Projection-Neutral,CollapseAvoidanceDynamics,0.2358,0.2278,0.216,0.0653,0.2155,0.217,0.2197,ATTRACTOR-FAILED
80,Projection-Neutral,CollapseAvoidanceDynamics,0.2003,0.1911,0.185,0.0553,0.1864,0.1883,0.1804,ATTRACTOR-FAILED
96,Projection-Neutral,CollapseAvoidanceDynamics,0.1681,0.1661,0.1622,0.05,0.1592,0.1627,0.1563,ATTRACTOR-FAILED
128,Projection-Neutral,CollapseAvoidanceDynamics,0.1313,0.1262,0.1265,0.05,0.1226,0.1241,0.1239,ATTRACTOR-FAILED
1,Projection-Neutral,AttractorPersistenceTracking,0.8454,0.8378,0.8049,0.2556,0.7826,0.7802,0.7857,ATTRACTOR-STABLE
2,Projection-Neutral,AttractorPersistenceTracking,0.8058,0.8113,0.7894,0.2332,0.7444,0.7559,0.7877,ATTRACTOR-STABLE
4,Projection-Neutral,AttractorPersistenceTracking,0.7454,0.7408,0.7334,0.2238,0.708,0.6778,0.7124,ATTRACTOR-BOUNDED
6,Projection-Neutral,AttractorPersistenceTracking,0.7185,0.6856,0.661,0.2251,0.6663,0.6258,0.6752,ATTRACTOR-PARTIAL
8,Projection-Neutral,AttractorPersistenceTracking,0.6561,0.6241,0.6387,0.1864,0.61,0.5977,0.6128,ATTRACTOR-PARTIAL
12,Projection-Neutral,AttractorPersistenceTracking,0.5928,0.5564,0.5671,0.1829,0.556,0.5392,0.5636,ATTRACTOR-DEGRADING
16,Projection-Neutral,AttractorPersistenceTracking,0.5341,0.506,0.5056,0.1512,0.4971,0.4651,0.5054,ATTRACTOR-DEGRADING
20,Projection-Neutral,AttractorPersistenceTracking,0.479,0.4601,0.4434,0.1529,0.4437,0.427,0.4402,ATTRACTOR-DEGRADING
24,Projection-Neutral,AttractorPersistenceTracking,0.434,0.4163,0.4144,0.1285,0.4116,0.3907,0.4058,ATTRACTOR-DEGRADING
32,Projection-Neutral,AttractorPersistenceTracking,0.3801,0.3504,0.35,0.1168,0.3437,0.3379,0.3517,ATTRACTOR-FAILED
40,Projection-Neutral,AttractorPersistenceTracking,0.321,0.3188,0.3112,0.1005,0.3069,0.2953,0.3037,ATTRACTOR-FAILED
48,Projection-Neutral,AttractorPersistenceTracking,0.2861,0.2796,0.2737,0.0841,0.2648,0.2555,0.2658,ATTRACTOR-FAILED
64,Projection-Neutral,AttractorPersistenceTracking,0.2303,0.2272,0.2224,0.0748,0.2222,0.2158,0.2156,ATTRACTOR-FAILED
80,Projection-Neutral,AttractorPersistenceTracking,0.1983,0.1941,0.1925,0.0554,0.1835,0.1777,0.1888,ATTRACTOR-FAILED
96,Projection-Neutral,AttractorPersistenceTracking,0.1709,0.1678,0.1667,0.0531,0.1571,0.1547,0.1588,ATTRACTOR-FAILED
128,Projection-Neutral,AttractorPersistenceTracking,0.135,0.1277,0.1285,0.05,0.1265,0.1214,0.1272,ATTRACTOR-FAILED
1,Projection-Neutral,PerturbationDisplacementRecovery,0.8226,0.823,0.8091,0.2458,0.7813,0.7525,0.7715,ATTRACTOR-STABLE
2,Projection-Neutral,PerturbationDisplacementRecovery,0.8113,0.7871,0.757,0.247,0.736,0.7251,0.7512,ATTRACTOR-BOUNDED
4,Projection-Neutral,PerturbationDisplacementRecovery,0.761,0.7192,0.7139,0.2389,0.6993,0.6698,0.6921,ATTRACTOR-BOUNDED
6,Projection-Neutral,PerturbationDisplacementRecovery,0.6799,0.653,0.6511,0.2103,0.6573,0.6321,0.6585,ATTRACTOR-PARTIAL
8,Projection-Neutral,PerturbationDisplacementRecovery,0.6404,0.6301,0.6235,0.2111,0.6091,0.5943,0.6123,ATTRACTOR-PARTIAL
12,Projection-Neutral,PerturbationDisplacementRecovery,0.573,0.5589,0.5538,0.1716,0.5486,0.5251,0.5282,ATTRACTOR-DEGRADING
16,Projection-Neutral,PerturbationDisplacementRecovery,0.5057,0.4875,0.4936,0.1742,0.4898,0.4593,0.484,ATTRACTOR-DEGRADING
20,Projection-Neutral,PerturbationDisplacementRecovery,0.4662,0.4517,0.4435,0.1507,0.4449,0.42,0.4417,ATTRACTOR-DEGRADING
24,Projection-Neutral,PerturbationDisplacementRecovery,0.4233,0.4145,0.4032,0.1304,0.394,0.3834,0.4047,ATTRACTOR-DEGRADING
32,Projection-Neutral,PerturbationDisplacementRecovery,0.3655,0.3529,0.3558,0.1136,0.3486,0.3364,0.3428,ATTRACTOR-FAILED
40,Projection-Neutral,PerturbationDisplacementRecovery,0.3132,0.3053,0.3021,0.0965,0.2995,0.2917,0.2926,ATTRACTOR-FAILED
48,Projection-Neutral,PerturbationDisplacementRecovery,0.2879,0.2693,0.2698,0.0867,0.2671,0.2546,0.2593,ATTRACTOR-FAILED
64,Projection-Neutral,PerturbationDisplacementRecovery,0.2257,0.2211,0.2228,0.0694,0.2161,0.2082,0.2112,ATTRACTOR-FAILED
80,Projection-Neutral,PerturbationDisplacementRecovery,0.1932,0.19,0.1822,0.0589,0.1821,0.181,0.1827,ATTRACTOR-FAILED
96,Projection-Neutral,PerturbationDisplacementRecovery,0.1651,0.163,0.1643,0.052,0.1554,0.1518,0.1553,ATTRACTOR-FAILED
128,Projection-Neutral,PerturbationDisplacementRecovery,0.1359,0.1291,0.1274,0.05,0.125,0.1221,0.1217,ATTRACTOR-FAILED
1,Projection-Neutral,NullAttractorControl,0.6313,0.6288,0.616,0.3021,0.6457,0.5875,0.609,ATTRACTOR-PARTIAL
2,Projection-Neutral,NullAttractorControl,0.6159,0.6277,0.6221,0.3171,0.5908,0.5939,0.6094,ATTRACTOR-PARTIAL
4,Projection-Neutral,NullAttractorControl,0.5921,0.5786,0.5721,0.2767,0.5756,0.5547,0.553,ATTRACTOR-PARTIAL
6,Projection-Neutral,NullAttractorControl,0.5509,0.5371,0.5095,0.2704,0.5274,0.4969,0.5079,ATTRACTOR-DEGRADING
8,Projection-Neutral,NullAttractorControl,0.4991,0.5024,0.4947,0.2335,0.4965,0.4827,0.4744,ATTRACTOR-DEGRADING
12,Projection-Neutral,NullAttractorControl,0.4383,0.4465,0.437,0.2291,0.4484,0.4138,0.4194,ATTRACTOR-DEGRADING
16,Projection-Neutral,NullAttractorControl,0.4106,0.3989,0.3811,0.2015,0.3924,0.3642,0.3826,ATTRACTOR-FAILED
20,Projection-Neutral,NullAttractorControl,0.3653,0.3651,0.3451,0.1654,0.3569,0.3287,0.3355,ATTRACTOR-FAILED
24,Projection-Neutral,NullAttractorControl,0.3407,0.3284,0.321,0.1505,0.327,0.3111,0.3031,ATTRACTOR-FAILED
32,Projection-Neutral,NullAttractorControl,0.2833,0.2871,0.2709,0.1353,0.2699,0.2677,0.264,ATTRACTOR-FAILED
40,Projection-Neutral,NullAttractorControl,0.2393,0.2519,0.2472,0.1202,0.2393,0.2339,0.2359,ATTRACTOR-FAILED
48,Projection-Neutral,NullAttractorControl,0.2165,0.2209,0.2101,0.1051,0.2119,0.2077,0.2018,ATTRACTOR-FAILED
64,Projection-Neutral,NullAttractorControl,0.1795,0.1781,0.1731,0.0868,0.1724,0.1667,0.1726,ATTRACTOR-FAILED
80,Projection-Neutral,NullAttractorControl,0.1463,0.1501,0.1447,0.0768,0.1484,0.1426,0.1454,ATTRACTOR-FAILED
96,Projection-Neutral,NullAttractorControl,0.1288,0.1316,0.1237,0.0662,0.1312,0.1219,0.1195,ATTRACTOR-FAILED
128,Projection-Neutral,NullAttractorControl,0.1047,0.1048,0.1002,0.05,0.1026,0.0969,0.0941,ATTRACTOR-FAILED
1,Antisymmetry-Neutral,AttractorBasinMapping,0.8657,0.8116,0.8214,0.2557,0.7897,0.7785,0.7762,ATTRACTOR-STABLE
2,Antisymmetry-Neutral,AttractorBasinMapping,0.8115,0.8047,0.7823,0.2455,0.7463,0.754,0.7603,ATTRACTOR-STABLE
4,Antisymmetry-Neutral,AttractorBasinMapping,0.7736,0.7365,0.7385,0.2311,0.6827,0.6853,0.6943,ATTRACTOR-BOUNDED
6,Antisymmetry-Neutral,AttractorBasinMapping,0.7152,0.6714,0.6777,0.2011,0.6625,0.6335,0.6423,ATTRACTOR-PARTIAL
8,Antisymmetry-Neutral,AttractorBasinMapping,0.6463,0.6327,0.6236,0.195,0.6206,0.5951,0.6,ATTRACTOR-PARTIAL
12,Antisymmetry-Neutral,AttractorBasinMapping,0.5772,0.5711,0.5613,0.1835,0.5364,0.5373,0.5262,ATTRACTOR-DEGRADING
16,Antisymmetry-Neutral,AttractorBasinMapping,0.5223,0.5123,0.5064,0.1532,0.4826,0.4863,0.4874,ATTRACTOR-DEGRADING
20,Antisymmetry-Neutral,AttractorBasinMapping,0.4777,0.4503,0.4542,0.1506,0.4302,0.4262,0.4409,ATTRACTOR-DEGRADING
24,Antisymmetry-Neutral,AttractorBasinMapping,0.4356,0.4165,0.4165,0.1349,0.3905,0.4088,0.4085,ATTRACTOR-DEGRADING
32,Antisymmetry-Neutral,AttractorBasinMapping,0.3699,0.3654,0.3548,0.1037,0.3494,0.343,0.3389,ATTRACTOR-FAILED
40,Antisymmetry-Neutral,AttractorBasinMapping,0.3313,0.3055,0.3163,0.0922,0.2976,0.3019,0.2954,ATTRACTOR-FAILED
48,Antisymmetry-Neutral,AttractorBasinMapping,0.2871,0.2749,0.2729,0.0815,0.2676,0.2702,0.2599,ATTRACTOR-FAILED
64,Antisymmetry-Neutral,AttractorBasinMapping,0.2311,0.2277,0.2234,0.07,0.2151,0.2199,0.216,ATTRACTOR-FAILED
80,Antisymmetry-Neutral,AttractorBasinMapping,0.2027,0.1867,0.1843,0.0577,0.1803,0.1864,0.1845,ATTRACTOR-FAILED
96,Antisymmetry-Neutral,AttractorBasinMapping,0.1695,0.1654,0.164,0.05,0.1565,0.1602,0.1536,ATTRACTOR-FAILED
128,Antisymmetry-Neutral,AttractorBasinMapping,0.1349,0.1289,0.1288,0.05,0.122,0.1255,0.1232,ATTRACTOR-FAILED
1,Antisymmetry-Neutral,RecursiveTrajectoryConvergence,0.8799,0.8393,0.8177,0.2731,0.7982,0.7925,0.7858,ATTRACTOR-STABLE
2,Antisymmetry-Neutral,RecursiveTrajectoryConvergence,0.8249,0.7969,0.7839,0.2609,0.7856,0.7491,0.7656,ATTRACTOR-BOUNDED
4,Antisymmetry-Neutral,RecursiveTrajectoryConvergence,0.7679,0.7338,0.7042,0.2471,0.6986,0.7057,0.7163,ATTRACTOR-BOUNDED
6,Antisymmetry-Neutral,RecursiveTrajectoryConvergence,0.7024,0.6941,0.6625,0.215,0.6502,0.6253,0.6632,ATTRACTOR-PARTIAL
8,Antisymmetry-Neutral,RecursiveTrajectoryConvergence,0.6771,0.64,0.6079,0.2106,0.6096,0.5932,0.5997,ATTRACTOR-PARTIAL
12,Antisymmetry-Neutral,RecursiveTrajectoryConvergence,0.5996,0.584,0.5645,0.1903,0.5602,0.5255,0.5532,ATTRACTOR-DEGRADING
16,Antisymmetry-Neutral,RecursiveTrajectoryConvergence,0.5197,0.5213,0.497,0.1544,0.4975,0.4756,0.4773,ATTRACTOR-DEGRADING
20,Antisymmetry-Neutral,RecursiveTrajectoryConvergence,0.4813,0.4587,0.4543,0.1584,0.4389,0.4222,0.4445,ATTRACTOR-DEGRADING
24,Antisymmetry-Neutral,RecursiveTrajectoryConvergence,0.447,0.4229,0.4016,0.1315,0.4186,0.3856,0.4074,ATTRACTOR-DEGRADING
32,Antisymmetry-Neutral,RecursiveTrajectoryConvergence,0.3736,0.3689,0.351,0.1157,0.3521,0.3302,0.3526,ATTRACTOR-FAILED
40,Antisymmetry-Neutral,RecursiveTrajectoryConvergence,0.3261,0.3127,0.3093,0.1059,0.3076,0.2865,0.2959,ATTRACTOR-FAILED
48,Antisymmetry-Neutral,RecursiveTrajectoryConvergence,0.2849,0.2863,0.2655,0.086,0.2647,0.2624,0.2731,ATTRACTOR-FAILED
64,Antisymmetry-Neutral,RecursiveTrajectoryConvergence,0.2379,0.2293,0.2245,0.0781,0.2168,0.2112,0.2174,ATTRACTOR-FAILED
80,Antisymmetry-Neutral,RecursiveTrajectoryConvergence,0.1949,0.1897,0.1873,0.0584,0.1868,0.1817,0.1876,ATTRACTOR-FAILED
96,Antisymmetry-Neutral,RecursiveTrajectoryConvergence,0.1746,0.1666,0.1604,0.0566,0.1626,0.1571,0.1591,ATTRACTOR-FAILED
128,Antisymmetry-Neutral,RecursiveTrajectoryConvergence,0.1387,0.1304,0.1243,0.05,0.1265,0.1244,0.1287,ATTRACTOR-FAILED
1,Antisymmetry-Neutral,HysteresisAnalysis,0.8658,0.8082,0.7907,0.301,0.8024,0.7824,0.7851,ATTRACTOR-STABLE
2,Antisymmetry-Neutral,HysteresisAnalysis,0.8182,0.7746,0.7538,0.2931,0.7358,0.7249,0.7493,ATTRACTOR-BOUNDED
4,Antisymmetry-Neutral,HysteresisAnalysis,0.7378,0.7261,0.7218,0.2708,0.7116,0.6861,0.7086,ATTRACTOR-BOUNDED
6,Antisymmetry-Neutral,HysteresisAnalysis,0.6978,0.6737,0.6481,0.2384,0.6633,0.6298,0.6495,ATTRACTOR-PARTIAL
8,Antisymmetry-Neutral,HysteresisAnalysis,0.6507,0.6223,0.6197,0.2356,0.6064,0.5895,0.5999,ATTRACTOR-PARTIAL
12,Antisymmetry-Neutral,HysteresisAnalysis,0.5774,0.5671,0.5541,0.1826,0.5378,0.5102,0.5288,ATTRACTOR-DEGRADING
16,Antisymmetry-Neutral,HysteresisAnalysis,0.528,0.4907,0.5001,0.1847,0.4749,0.4785,0.4778,ATTRACTOR-DEGRADING
20,Antisymmetry-Neutral,HysteresisAnalysis,0.4781,0.4524,0.45,0.1516,0.4303,0.4317,0.4394,ATTRACTOR-DEGRADING
24,Antisymmetry-Neutral,HysteresisAnalysis,0.4402,0.4128,0.4027,0.1405,0.4066,0.3935,0.399,ATTRACTOR-DEGRADING
32,Antisymmetry-Neutral,HysteresisAnalysis,0.3744,0.3545,0.3418,0.1313,0.344,0.328,0.3466,ATTRACTOR-FAILED
40,Antisymmetry-Neutral,HysteresisAnalysis,0.3158,0.3126,0.3087,0.1094,0.2977,0.2881,0.2974,ATTRACTOR-FAILED
48,Antisymmetry-Neutral,HysteresisAnalysis,0.2882,0.2742,0.2714,0.0952,0.2697,0.2518,0.2688,ATTRACTOR-FAILED
64,Antisymmetry-Neutral,HysteresisAnalysis,0.233,0.2197,0.2174,0.0807,0.217,0.2132,0.2177,ATTRACTOR-FAILED
80,Antisymmetry-Neutral,HysteresisAnalysis,0.1981,0.1918,0.1815,0.0652,0.1808,0.1819,0.185,ATTRACTOR-FAILED
96,Antisymmetry-Neutral,HysteresisAnalysis,0.1669,0.1673,0.1611,0.0582,0.1578,0.1511,0.158,ATTRACTOR-FAILED
128,Antisymmetry-Neutral,HysteresisAnalysis,0.134,0.1307,0.126,0.05,0.1217,0.1224,0.1243,ATTRACTOR-FAILED
1,Antisymmetry-Neutral,CollapseAvoidanceDynamics,0.8403,0.8279,0.8248,0.2619,0.7861,0.7828,0.7787,ATTRACTOR-STABLE
2,Antisymmetry-Neutral,CollapseAvoidanceDynamics,0.8025,0.7998,0.7769,0.2513,0.742,0.7745,0.7535,ATTRACTOR-STABLE
4,Antisymmetry-Neutral,CollapseAvoidanceDynamics,0.7728,0.707,0.7301,0.2435,0.6923,0.6891,0.6814,ATTRACTOR-BOUNDED
6,Antisymmetry-Neutral,CollapseAvoidanceDynamics,0.6986,0.6593,0.6535,0.203,0.6479,0.6521,0.6355,ATTRACTOR-BOUNDED
8,Antisymmetry-Neutral,CollapseAvoidanceDynamics,0.6627,0.6209,0.6167,0.2106,0.5981,0.6249,0.6088,ATTRACTOR-PARTIAL
12,Antisymmetry-Neutral,CollapseAvoidanceDynamics,0.5725,0.5629,0.5614,0.1703,0.5459,0.548,0.5339,ATTRACTOR-DEGRADING
16,Antisymmetry-Neutral,CollapseAvoidanceDynamics,0.5315,0.5112,0.4944,0.1498,0.4732,0.4783,0.4785,ATTRACTOR-DEGRADING
20,Antisymmetry-Neutral,CollapseAvoidanceDynamics,0.4731,0.4578,0.4552,0.1363,0.4339,0.4376,0.4463,ATTRACTOR-DEGRADING
24,Antisymmetry-Neutral,CollapseAvoidanceDynamics,0.4271,0.4064,0.417,0.1363,0.3951,0.4141,0.4005,ATTRACTOR-DEGRADING
32,Antisymmetry-Neutral,CollapseAvoidanceDynamics,0.3681,0.3502,0.3441,0.1105,0.3364,0.3457,0.3402,ATTRACTOR-FAILED
40,Antisymmetry-Neutral,CollapseAvoidanceDynamics,0.3242,0.3159,0.2992,0.0961,0.2975,0.3078,0.2916,ATTRACTOR-FAILED
48,Antisymmetry-Neutral,CollapseAvoidanceDynamics,0.28,0.2754,0.2702,0.0819,0.2667,0.272,0.2583,ATTRACTOR-FAILED
64,Antisymmetry-Neutral,CollapseAvoidanceDynamics,0.2346,0.2272,0.2246,0.0737,0.2127,0.2199,0.2117,ATTRACTOR-FAILED
80,Antisymmetry-Neutral,CollapseAvoidanceDynamics,0.1977,0.1881,0.1838,0.0606,0.1849,0.1849,0.1832,ATTRACTOR-FAILED
96,Antisymmetry-Neutral,CollapseAvoidanceDynamics,0.17,0.1627,0.1605,0.05,0.1551,0.1589,0.1558,ATTRACTOR-FAILED
128,Antisymmetry-Neutral,CollapseAvoidanceDynamics,0.1328,0.1302,0.1249,0.05,0.1218,0.1232,0.1218,ATTRACTOR-FAILED
1,Antisymmetry-Neutral,AttractorPersistenceTracking,0.8584,0.8066,0.821,0.2485,0.7938,0.7763,0.7994,ATTRACTOR-STABLE
2,Antisymmetry-Neutral,AttractorPersistenceTracking,0.8317,0.8058,0.7703,0.2381,0.7782,0.7426,0.7796,ATTRACTOR-BOUNDED
4,Antisymmetry-Neutral,AttractorPersistenceTracking,0.7771,0.7468,0.7184,0.2258,0.6922,0.703,0.7022,ATTRACTOR-BOUNDED
6,Antisymmetry-Neutral,AttractorPersistenceTracking,0.7092,0.6977,0.6688,0.2246,0.6522,0.6459,0.6768,ATTRACTOR-PARTIAL
8,Antisymmetry-Neutral,AttractorPersistenceTracking,0.6561,0.6442,0.6162,0.183,0.6144,0.6121,0.6237,ATTRACTOR-PARTIAL
12,Antisymmetry-Neutral,AttractorPersistenceTracking,0.5874,0.5778,0.5593,0.1612,0.5391,0.521,0.5462,ATTRACTOR-DEGRADING
16,Antisymmetry-Neutral,AttractorPersistenceTracking,0.524,0.5032,0.4959,0.1649,0.4767,0.4812,0.4935,ATTRACTOR-DEGRADING
20,Antisymmetry-Neutral,AttractorPersistenceTracking,0.4705,0.4691,0.4536,0.1466,0.4354,0.4344,0.4534,ATTRACTOR-DEGRADING
24,Antisymmetry-Neutral,AttractorPersistenceTracking,0.4427,0.4173,0.4094,0.125,0.4008,0.4015,0.4128,ATTRACTOR-DEGRADING
32,Antisymmetry-Neutral,AttractorPersistenceTracking,0.3665,0.3665,0.3628,0.1052,0.3446,0.3433,0.3508,ATTRACTOR-FAILED
40,Antisymmetry-Neutral,AttractorPersistenceTracking,0.326,0.3104,0.3137,0.0911,0.2946,0.2983,0.3098,ATTRACTOR-FAILED
48,Antisymmetry-Neutral,AttractorPersistenceTracking,0.2852,0.2792,0.2717,0.0917,0.2714,0.257,0.2655,ATTRACTOR-FAILED
64,Antisymmetry-Neutral,AttractorPersistenceTracking,0.2385,0.227,0.2212,0.0674,0.2149,0.2085,0.2189,ATTRACTOR-FAILED
80,Antisymmetry-Neutral,AttractorPersistenceTracking,0.1975,0.1929,0.1846,0.0585,0.1858,0.1769,0.1877,ATTRACTOR-FAILED
96,Antisymmetry-Neutral,AttractorPersistenceTracking,0.1686,0.165,0.165,0.0518,0.1626,0.1525,0.1587,ATTRACTOR-FAILED
128,Antisymmetry-Neutral,AttractorPersistenceTracking,0.1338,0.1317,0.127,0.05,0.1276,0.1208,0.124,ATTRACTOR-FAILED
1,Antisymmetry-Neutral,PerturbationDisplacementRecovery,0.8415,0.7948,0.8108,0.2604,0.7782,0.7692,0.7939,ATTRACTOR-STABLE
2,Antisymmetry-Neutral,PerturbationDisplacementRecovery,0.8259,0.7706,0.7685,0.261,0.7357,0.7388,0.7678,ATTRACTOR-BOUNDED
4,Antisymmetry-Neutral,PerturbationDisplacementRecovery,0.74,0.7161,0.7083,0.2338,0.6989,0.6897,0.6907,ATTRACTOR-BOUNDED
6,Antisymmetry-Neutral,PerturbationDisplacementRecovery,0.6879,0.6666,0.6534,0.2094,0.6584,0.6466,0.6337,ATTRACTOR-PARTIAL
8,Antisymmetry-Neutral,PerturbationDisplacementRecovery,0.65,0.6167,0.6233,0.2056,0.6197,0.5788,0.6051,ATTRACTOR-PARTIAL
12,Antisymmetry-Neutral,PerturbationDisplacementRecovery,0.5678,0.5435,0.5441,0.1817,0.5267,0.5305,0.5477,ATTRACTOR-DEGRADING
16,Antisymmetry-Neutral,PerturbationDisplacementRecovery,0.5203,0.5023,0.4938,0.1594,0.4825,0.4658,0.4763,ATTRACTOR-DEGRADING
20,Antisymmetry-Neutral,PerturbationDisplacementRecovery,0.4619,0.4565,0.4485,0.1489,0.4437,0.4161,0.4452,ATTRACTOR-DEGRADING
24,Antisymmetry-Neutral,PerturbationDisplacementRecovery,0.4244,0.4161,0.4117,0.1264,0.3927,0.3863,0.4051,ATTRACTOR-DEGRADING
32,Antisymmetry-Neutral,PerturbationDisplacementRecovery,0.3643,0.353,0.3506,0.1158,0.3433,0.33,0.336,ATTRACTOR-FAILED
40,Antisymmetry-Neutral,PerturbationDisplacementRecovery,0.3168,0.3098,0.3054,0.0953,0.3007,0.287,0.3015,ATTRACTOR-FAILED
48,Antisymmetry-Neutral,PerturbationDisplacementRecovery,0.2764,0.2704,0.2736,0.0885,0.2649,0.2641,0.2609,ATTRACTOR-FAILED
64,Antisymmetry-Neutral,PerturbationDisplacementRecovery,0.2348,0.22,0.2171,0.0724,0.2135,0.2094,0.2124,ATTRACTOR-FAILED
80,Antisymmetry-Neutral,PerturbationDisplacementRecovery,0.196,0.1861,0.1906,0.062,0.184,0.1798,0.1809,ATTRACTOR-FAILED
96,Antisymmetry-Neutral,PerturbationDisplacementRecovery,0.1647,0.1585,0.1623,0.0517,0.1586,0.1535,0.1588,ATTRACTOR-FAILED
128,Antisymmetry-Neutral,PerturbationDisplacementRecovery,0.1335,0.1286,0.1247,0.05,0.1236,0.1189,0.1257,ATTRACTOR-FAILED
1,Antisymmetry-Neutral,NullAttractorControl,0.6395,0.6556,0.6405,0.3192,0.6171,0.5885,0.5991,ATTRACTOR-PARTIAL
2,Antisymmetry-Neutral,NullAttractorControl,0.6163,0.6289,0.6289,0.3141,0.5929,0.5988,0.5874,ATTRACTOR-PARTIAL
4,Antisymmetry-Neutral,NullAttractorControl,0.5693,0.5879,0.572,0.273,0.5817,0.5556,0.5496,ATTRACTOR-PARTIAL
6,Antisymmetry-Neutral,NullAttractorControl,0.5399,0.5331,0.5243,0.2467,0.5325,0.4994,0.5248,ATTRACTOR-DEGRADING
8,Antisymmetry-Neutral,NullAttractorControl,0.5161,0.5128,0.4983,0.2302,0.4971,0.4708,0.4717,ATTRACTOR-DEGRADING
12,Antisymmetry-Neutral,NullAttractorControl,0.4373,0.4541,0.4294,0.2192,0.4251,0.408,0.4322,ATTRACTOR-DEGRADING
16,Antisymmetry-Neutral,NullAttractorControl,0.4045,0.4029,0.4018,0.1908,0.3928,0.3784,0.3869,ATTRACTOR-DEGRADING
20,Antisymmetry-Neutral,NullAttractorControl,0.363,0.3693,0.355,0.1741,0.3454,0.3355,0.3445,ATTRACTOR-FAILED
24,Antisymmetry-Neutral,NullAttractorControl,0.3407,0.3295,0.3191,0.1548,0.325,0.3081,0.3153,ATTRACTOR-FAILED
32,Antisymmetry-Neutral,NullAttractorControl,0.2767,0.275,0.2746,0.1368,0.2725,0.2641,0.2616,ATTRACTOR-FAILED
40,Antisymmetry-Neutral,NullAttractorControl,0.2469,0.2428,0.2438,0.1227,0.2477,0.2226,0.2278,ATTRACTOR-FAILED
48,Antisymmetry-Neutral,NullAttractorControl,0.2224,0.2137,0.22,0.1034,0.2197,0.2057,0.2134,ATTRACTOR-FAILED
64,Antisymmetry-Neutral,NullAttractorControl,0.184,0.1802,0.1696,0.0847,0.1747,0.1641,0.1691,ATTRACTOR-FAILED
80,Antisymmetry-Neutral,NullAttractorControl,0.1525,0.1539,0.1446,0.0743,0.145,0.1393,0.1467,ATTRACTOR-FAILED
96,Antisymmetry-Neutral,NullAttractorControl,0.1319,0.1275,0.1251,0.0629,0.1279,0.1184,0.1272,ATTRACTOR-FAILED
128,Antisymmetry-Neutral,NullAttractorControl,0.1042,0.1025,0.0994,0.05,0.1033,0.0941,0.0981,ATTRACTOR-FAILED
1,Projection-Antisymmetry-Neutral,AttractorBasinMapping,0.8392,0.8247,0.827,0.2569,0.7944,0.7711,0.7792,ATTRACTOR-STABLE
2,Projection-Antisymmetry-Neutral,AttractorBasinMapping,0.8302,0.7852,0.7781,0.2481,0.7572,0.7389,0.74,ATTRACTOR-BOUNDED
4,Projection-Antisymmetry-Neutral,AttractorBasinMapping,0.7511,0.7195,0.7378,0.2191,0.7007,0.7073,0.6927,ATTRACTOR-BOUNDED
6,Projection-Antisymmetry-Neutral,AttractorBasinMapping,0.7183,0.6948,0.668,0.2159,0.6402,0.663,0.6549,ATTRACTOR-BOUNDED
8,Projection-Antisymmetry-Neutral,AttractorBasinMapping,0.6551,0.6352,0.6339,0.1888,0.6145,0.5918,0.6143,ATTRACTOR-PARTIAL
12,Projection-Antisymmetry-Neutral,AttractorBasinMapping,0.5889,0.563,0.5509,0.1771,0.5456,0.5357,0.5325,ATTRACTOR-DEGRADING
16,Projection-Antisymmetry-Neutral,AttractorBasinMapping,0.5146,0.5095,0.5112,0.1479,0.4839,0.483,0.4769,ATTRACTOR-DEGRADING
20,Projection-Antisymmetry-Neutral,AttractorBasinMapping,0.4737,0.451,0.4445,0.1384,0.4298,0.4366,0.4286,ATTRACTOR-DEGRADING
24,Projection-Antisymmetry-Neutral,AttractorBasinMapping,0.4436,0.4141,0.4074,0.1238,0.4078,0.4033,0.4086,ATTRACTOR-DEGRADING
32,Projection-Antisymmetry-Neutral,AttractorBasinMapping,0.3639,0.3652,0.3602,0.1152,0.3411,0.3432,0.3478,ATTRACTOR-FAILED
40,Projection-Antisymmetry-Neutral,AttractorBasinMapping,0.3214,0.3127,0.3031,0.0962,0.299,0.3035,0.3013,ATTRACTOR-FAILED
48,Projection-Antisymmetry-Neutral,AttractorBasinMapping,0.2814,0.2831,0.27,0.0915,0.261,0.2664,0.26,ATTRACTOR-FAILED
64,Projection-Antisymmetry-Neutral,AttractorBasinMapping,0.2342,0.2298,0.2231,0.0743,0.213,0.2108,0.2172,ATTRACTOR-FAILED
80,Projection-Antisymmetry-Neutral,AttractorBasinMapping,0.2001,0.1866,0.1891,0.0584,0.1858,0.185,0.1842,ATTRACTOR-FAILED
96,Projection-Antisymmetry-Neutral,AttractorBasinMapping,0.1752,0.1619,0.1614,0.0509,0.155,0.1581,0.1545,ATTRACTOR-FAILED
128,Projection-Antisymmetry-Neutral,AttractorBasinMapping,0.1344,0.1273,0.1297,0.05,0.1229,0.1245,0.1239,ATTRACTOR-FAILED
1,Projection-Antisymmetry-Neutral,RecursiveTrajectoryConvergence,0.8801,0.8164,0.7928,0.2587,0.8077,0.7642,0.7858,ATTRACTOR-STABLE
2,Projection-Antisymmetry-Neutral,RecursiveTrajectoryConvergence,0.8307,0.8062,0.7624,0.2681,0.7873,0.7277,0.7745,ATTRACTOR-BOUNDED
4,Projection-Antisymmetry-Neutral,RecursiveTrajectoryConvergence,0.78,0.7341,0.7003,0.2354,0.6982,0.7021,0.7088,ATTRACTOR-BOUNDED
6,Projection-Antisymmetry-Neutral,RecursiveTrajectoryConvergence,0.7251,0.6856,0.6602,0.2218,0.6815,0.6443,0.6452,ATTRACTOR-PARTIAL
8,Projection-Antisymmetry-Neutral,RecursiveTrajectoryConvergence,0.6753,0.6567,0.633,0.2176,0.6308,0.5928,0.6068,ATTRACTOR-PARTIAL
12,Projection-Antisymmetry-Neutral,RecursiveTrajectoryConvergence,0.5949,0.5582,0.5563,0.1714,0.5392,0.5329,0.5458,ATTRACTOR-DEGRADING
16,Projection-Antisymmetry-Neutral,RecursiveTrajectoryConvergence,0.5216,0.5102,0.5037,0.1628,0.4904,0.4758,0.4804,ATTRACTOR-DEGRADING
20,Projection-Antisymmetry-Neutral,RecursiveTrajectoryConvergence,0.4864,0.4613,0.4564,0.1532,0.4554,0.4386,0.4406,ATTRACTOR-DEGRADING
24,Projection-Antisymmetry-Neutral,RecursiveTrajectoryConvergence,0.4419,0.4351,0.4067,0.1281,0.4124,0.398,0.4081,ATTRACTOR-DEGRADING
32,Projection-Antisymmetry-Neutral,RecursiveTrajectoryConvergence,0.3687,0.3661,0.3434,0.1125,0.3485,0.3442,0.3494,ATTRACTOR-FAILED
40,Projection-Antisymmetry-Neutral,RecursiveTrajectoryConvergence,0.3193,0.323,0.3126,0.096,0.3128,0.2971,0.297,ATTRACTOR-FAILED
48,Projection-Antisymmetry-Neutral,RecursiveTrajectoryConvergence,0.2911,0.2812,0.2661,0.0841,0.2705,0.2647,0.266,ATTRACTOR-FAILED
64,Projection-Antisymmetry-Neutral,RecursiveTrajectoryConvergence,0.2308,0.2244,0.2263,0.0756,0.2172,0.2118,0.2204,ATTRACTOR-FAILED
80,Projection-Antisymmetry-Neutral,RecursiveTrajectoryConvergence,0.2003,0.194,0.1873,0.0597,0.1848,0.18,0.1848,ATTRACTOR-FAILED
96,Projection-Antisymmetry-Neutral,RecursiveTrajectoryConvergence,0.1694,0.169,0.1587,0.0541,0.1602,0.1563,0.1588,ATTRACTOR-FAILED
128,Projection-Antisymmetry-Neutral,RecursiveTrajectoryConvergence,0.1385,0.1317,0.1244,0.05,0.1269,0.1225,0.1244,ATTRACTOR-FAILED
1,Projection-Antisymmetry-Neutral,HysteresisAnalysis,0.8484,0.7966,0.8072,0.2732,0.7844,0.7605,0.7889,ATTRACTOR-STABLE
2,Projection-Antisymmetry-Neutral,HysteresisAnalysis,0.7981,0.7985,0.7789,0.2573,0.7593,0.7301,0.754,ATTRACTOR-BOUNDED
4,Projection-Antisymmetry-Neutral,HysteresisAnalysis,0.7646,0.7078,0.705,0.2378,0.7028,0.6871,0.6988,ATTRACTOR-BOUNDED
6,Projection-Antisymmetry-Neutral,HysteresisAnalysis,0.7045,0.6775,0.6697,0.23,0.6447,0.6422,0.6563,ATTRACTOR-PARTIAL
8,Projection-Antisymmetry-Neutral,HysteresisAnalysis,0.6418,0.6151,0.6105,0.2293,0.5956,0.5865,0.6057,ATTRACTOR-PARTIAL
12,Projection-Antisymmetry-Neutral,HysteresisAnalysis,0.5748,0.5504,0.5494,0.2089,0.5302,0.5224,0.5426,ATTRACTOR-DEGRADING
16,Projection-Antisymmetry-Neutral,HysteresisAnalysis,0.514,0.4991,0.4849,0.185,0.4716,0.4651,0.4836,ATTRACTOR-DEGRADING
20,Projection-Antisymmetry-Neutral,HysteresisAnalysis,0.4758,0.4542,0.4333,0.1674,0.4275,0.4255,0.4468,ATTRACTOR-DEGRADING
24,Projection-Antisymmetry-Neutral,HysteresisAnalysis,0.431,0.4143,0.4087,0.1391,0.3959,0.3869,0.3941,ATTRACTOR-DEGRADING
32,Projection-Antisymmetry-Neutral,HysteresisAnalysis,0.3595,0.3605,0.3541,0.1187,0.3341,0.3362,0.3455,ATTRACTOR-FAILED
40,Projection-Antisymmetry-Neutral,HysteresisAnalysis,0.3263,0.3113,0.3011,0.1113,0.3001,0.2917,0.2914,ATTRACTOR-FAILED
48,Projection-Antisymmetry-Neutral,HysteresisAnalysis,0.2797,0.2753,0.2687,0.0995,0.2702,0.2641,0.2685,ATTRACTOR-FAILED
64,Projection-Antisymmetry-Neutral,HysteresisAnalysis,0.2292,0.2213,0.2136,0.0747,0.2154,0.2139,0.2148,ATTRACTOR-FAILED
80,Projection-Antisymmetry-Neutral,HysteresisAnalysis,0.1972,0.1883,0.184,0.0684,0.18,0.1756,0.1824,ATTRACTOR-FAILED
96,Projection-Antisymmetry-Neutral,HysteresisAnalysis,0.1696,0.1632,0.1601,0.0602,0.1588,0.15,0.1608,ATTRACTOR-FAILED
128,Projection-Antisymmetry-Neutral,HysteresisAnalysis,0.1317,0.1279,0.1263,0.05,0.1268,0.1234,0.1235,ATTRACTOR-FAILED
1,Projection-Antisymmetry-Neutral,CollapseAvoidanceDynamics,0.8688,0.8206,0.8063,0.2384,0.771,0.8143,0.7989,ATTRACTOR-STABLE
2,Projection-Antisymmetry-Neutral,CollapseAvoidanceDynamics,0.8333,0.7759,0.7609,0.23,0.7378,0.7613,0.7494,ATTRACTOR-STABLE
4,Projection-Antisymmetry-Neutral,CollapseAvoidanceDynamics,0.7404,0.7415,0.699,0.222,0.7034,0.7044,0.7152,ATTRACTOR-BOUNDED
6,Projection-Antisymmetry-Neutral,CollapseAvoidanceDynamics,0.7156,0.6598,0.6532,0.2215,0.6563,0.6437,0.6459,ATTRACTOR-PARTIAL
8,Projection-Antisymmetry-Neutral,CollapseAvoidanceDynamics,0.6622,0.6306,0.6096,0.1968,0.6001,0.6016,0.592,ATTRACTOR-PARTIAL
12,Projection-Antisymmetry-Neutral,CollapseAvoidanceDynamics,0.5747,0.5467,0.5576,0.1645,0.5293,0.5428,0.5247,ATTRACTOR-DEGRADING
16,Projection-Antisymmetry-Neutral,CollapseAvoidanceDynamics,0.5231,0.4914,0.498,0.1493,0.4737,0.4809,0.4886,ATTRACTOR-DEGRADING
20,Projection-Antisymmetry-Neutral,CollapseAvoidanceDynamics,0.481,0.4466,0.447,0.1425,0.4344,0.4384,0.4292,ATTRACTOR-DEGRADING
24,Projection-Antisymmetry-Neutral,CollapseAvoidanceDynamics,0.4365,0.4048,0.4003,0.1271,0.3929,0.4042,0.3956,ATTRACTOR-DEGRADING
32,Projection-Antisymmetry-Neutral,CollapseAvoidanceDynamics,0.3776,0.348,0.3442,0.1196,0.3448,0.35,0.3473,ATTRACTOR-FAILED
40,Projection-Antisymmetry-Neutral,CollapseAvoidanceDynamics,0.3165,0.309,0.2991,0.0994,0.2939,0.3031,0.2969,ATTRACTOR-FAILED
48,Projection-Antisymmetry-Neutral,CollapseAvoidanceDynamics,0.2802,0.276,0.2752,0.0921,0.2579,0.2616,0.2651,ATTRACTOR-FAILED
64,Projection-Antisymmetry-Neutral,CollapseAvoidanceDynamics,0.2355,0.2199,0.2202,0.0659,0.2202,0.2155,0.2127,ATTRACTOR-FAILED
80,Projection-Antisymmetry-Neutral,CollapseAvoidanceDynamics,0.1967,0.1865,0.1842,0.0555,0.1807,0.1803,0.1846,ATTRACTOR-FAILED
96,Projection-Antisymmetry-Neutral,CollapseAvoidanceDynamics,0.1685,0.1604,0.1611,0.0542,0.1584,0.162,0.156,ATTRACTOR-FAILED
128,Projection-Antisymmetry-Neutral,CollapseAvoidanceDynamics,0.1339,0.1297,0.1258,0.05,0.1225,0.1276,0.1222,ATTRACTOR-FAILED
1,Projection-Antisymmetry-Neutral,AttractorPersistenceTracking,0.8698,0.8371,0.8256,0.2528,0.7817,0.7835,0.8116,ATTRACTOR-STABLE
2,Projection-Antisymmetry-Neutral,AttractorPersistenceTracking,0.8025,0.7802,0.7777,0.2341,0.7514,0.7425,0.7881,ATTRACTOR-BOUNDED
4,Projection-Antisymmetry-Neutral,AttractorPersistenceTracking,0.7518,0.7257,0.7289,0.2401,0.7135,0.678,0.7091,ATTRACTOR-BOUNDED
6,Projection-Antisymmetry-Neutral,AttractorPersistenceTracking,0.6969,0.6942,0.6889,0.2089,0.6454,0.6452,0.6702,ATTRACTOR-PARTIAL
8,Projection-Antisymmetry-Neutral,AttractorPersistenceTracking,0.6682,0.647,0.6195,0.2023,0.6132,0.6076,0.6301,ATTRACTOR-PARTIAL
12,Projection-Antisymmetry-Neutral,AttractorPersistenceTracking,0.5755,0.5718,0.5525,0.1667,0.544,0.5311,0.5641,ATTRACTOR-DEGRADING
16,Projection-Antisymmetry-Neutral,AttractorPersistenceTracking,0.5185,0.4997,0.512,0.1533,0.4813,0.4806,0.4998,ATTRACTOR-DEGRADING
20,Projection-Antisymmetry-Neutral,AttractorPersistenceTracking,0.4715,0.4659,0.4427,0.1377,0.4511,0.4387,0.4516,ATTRACTOR-DEGRADING
24,Projection-Antisymmetry-Neutral,AttractorPersistenceTracking,0.4331,0.4261,0.4214,0.1284,0.4006,0.3868,0.4042,ATTRACTOR-DEGRADING
32,Projection-Antisymmetry-Neutral,AttractorPersistenceTracking,0.366,0.3572,0.3488,0.1155,0.3484,0.3372,0.3541,ATTRACTOR-FAILED
40,Projection-Antisymmetry-Neutral,AttractorPersistenceTracking,0.3253,0.3057,0.3144,0.0929,0.3071,0.2907,0.3051,ATTRACTOR-FAILED
48,Projection-Antisymmetry-Neutral,AttractorPersistenceTracking,0.294,0.28,0.2781,0.0816,0.2612,0.2663,0.2719,ATTRACTOR-FAILED
64,Projection-Antisymmetry-Neutral,AttractorPersistenceTracking,0.2399,0.2278,0.2275,0.069,0.2217,0.2074,0.2186,ATTRACTOR-FAILED
80,Projection-Antisymmetry-Neutral,AttractorPersistenceTracking,0.196,0.192,0.1913,0.0565,0.1856,0.1781,0.1903,ATTRACTOR-FAILED
96,Projection-Antisymmetry-Neutral,AttractorPersistenceTracking,0.1716,0.1617,0.1636,0.0522,0.1631,0.1567,0.1616,ATTRACTOR-FAILED
128,Projection-Antisymmetry-Neutral,AttractorPersistenceTracking,0.1348,0.1307,0.1276,0.05,0.1248,0.1226,0.1279,ATTRACTOR-FAILED
1,Projection-Antisymmetry-Neutral,PerturbationDisplacementRecovery,0.8228,0.8161,0.8116,0.247,0.7971,0.7847,0.7873,ATTRACTOR-STABLE
2,Projection-Antisymmetry-Neutral,PerturbationDisplacementRecovery,0.7997,0.7817,0.7745,0.2391,0.7555,0.746,0.7498,ATTRACTOR-BOUNDED
4,Projection-Antisymmetry-Neutral,PerturbationDisplacementRecovery,0.7329,0.7,0.7073,0.2293,0.6857,0.6794,0.6929,ATTRACTOR-BOUNDED
6,Projection-Antisymmetry-Neutral,PerturbationDisplacementRecovery,0.6974,0.6529,0.653,0.2076,0.6629,0.6231,0.6564,ATTRACTOR-PARTIAL
8,Projection-Antisymmetry-Neutral,PerturbationDisplacementRecovery,0.6531,0.6241,0.6274,0.1937,0.6128,0.584,0.6063,ATTRACTOR-PARTIAL
12,Projection-Antisymmetry-Neutral,PerturbationDisplacementRecovery,0.5702,0.538,0.5526,0.1696,0.5237,0.5348,0.5314,ATTRACTOR-DEGRADING
16,Projection-Antisymmetry-Neutral,PerturbationDisplacementRecovery,0.5081,0.493,0.4937,0.1519,0.4796,0.462,0.4835,ATTRACTOR-DEGRADING
20,Projection-Antisymmetry-Neutral,PerturbationDisplacementRecovery,0.4614,0.4429,0.457,0.156,0.433,0.4359,0.4383,ATTRACTOR-DEGRADING
24,Projection-Antisymmetry-Neutral,PerturbationDisplacementRecovery,0.4233,0.4014,0.4148,0.1288,0.4041,0.3946,0.4081,ATTRACTOR-DEGRADING
32,Projection-Antisymmetry-Neutral,PerturbationDisplacementRecovery,0.3675,0.3428,0.3416,0.1209,0.3386,0.3329,0.3404,ATTRACTOR-FAILED
40,Projection-Antisymmetry-Neutral,PerturbationDisplacementRecovery,0.312,0.3006,0.3118,0.095,0.2974,0.2914,0.2957,ATTRACTOR-FAILED
48,Projection-Antisymmetry-Neutral,PerturbationDisplacementRecovery,0.2816,0.2648,0.2714,0.0888,0.2672,0.2519,0.2626,ATTRACTOR-FAILED
64,Projection-Antisymmetry-Neutral,PerturbationDisplacementRecovery,0.2265,0.2187,0.2175,0.069,0.2188,0.2052,0.215,ATTRACTOR-FAILED
80,Projection-Antisymmetry-Neutral,PerturbationDisplacementRecovery,0.1983,0.1821,0.1853,0.0621,0.1842,0.1781,0.185,ATTRACTOR-FAILED
96,Projection-Antisymmetry-Neutral,PerturbationDisplacementRecovery,0.1701,0.1651,0.164,0.0536,0.1537,0.1553,0.1597,ATTRACTOR-FAILED
128,Projection-Antisymmetry-Neutral,PerturbationDisplacementRecovery,0.1309,0.1253,0.1257,0.05,0.1259,0.1226,0.1241,ATTRACTOR-FAILED
1,Projection-Antisymmetry-Neutral,NullAttractorControl,0.6607,0.6288,0.6476,0.3053,0.6485,0.589,0.6316,ATTRACTOR-PARTIAL
2,Projection-Antisymmetry-Neutral,NullAttractorControl,0.6286,0.6004,0.5981,0.2914,0.6111,0.5919,0.6094,ATTRACTOR-PARTIAL
4,Projection-Antisymmetry-Neutral,NullAttractorControl,0.5899,0.5803,0.5723,0.2674,0.5483,0.5266,0.5622,ATTRACTOR-DEGRADING
6,Projection-Antisymmetry-Neutral,NullAttractorControl,0.5297,0.5387,0.5393,0.2711,0.5116,0.5124,0.5172,ATTRACTOR-DEGRADING
8,Projection-Antisymmetry-Neutral,NullAttractorControl,0.5127,0.4865,0.4986,0.2514,0.4985,0.4592,0.4789,ATTRACTOR-DEGRADING
12,Projection-Antisymmetry-Neutral,NullAttractorControl,0.4488,0.4332,0.4436,0.2075,0.4247,0.4117,0.4322,ATTRACTOR-DEGRADING
16,Projection-Antisymmetry-Neutral,NullAttractorControl,0.3894,0.3928,0.388,0.196,0.3848,0.3634,0.3839,ATTRACTOR-FAILED
20,Projection-Antisymmetry-Neutral,NullAttractorControl,0.3707,0.3625,0.3524,0.1689,0.3503,0.3387,0.3317,ATTRACTOR-FAILED
24,Projection-Antisymmetry-Neutral,NullAttractorControl,0.341,0.3368,0.3184,0.1702,0.3217,0.3135,0.3228,ATTRACTOR-FAILED
32,Projection-Antisymmetry-Neutral,NullAttractorControl,0.2844,0.2795,0.2845,0.1341,0.2709,0.2655,0.2747,ATTRACTOR-FAILED
40,Projection-Antisymmetry-Neutral,NullAttractorControl,0.2502,0.2476,0.2474,0.1238,0.2336,0.2223,0.2408,ATTRACTOR-FAILED
48,Projection-Antisymmetry-Neutral,NullAttractorControl,0.219,0.2225,0.2084,0.1079,0.2121,0.2097,0.2073,ATTRACTOR-FAILED
64,Projection-Antisymmetry-Neutral,NullAttractorControl,0.1817,0.1816,0.1709,0.0891,0.1715,0.1703,0.1638,ATTRACTOR-FAILED
80,Projection-Antisymmetry-Neutral,NullAttractorControl,0.1482,0.1536,0.1503,0.072,0.1474,0.1434,0.1389,ATTRACTOR-FAILED
96,Projection-Antisymmetry-Neutral,NullAttractorControl,0.1299,0.1256,0.1236,0.0599,0.1272,0.1211,0.1208,ATTRACTOR-FAILED
128,Projection-Antisymmetry-Neutral,NullAttractorControl,0.1027,0.1036,0.1033,0.0511,0.0974,0.098,0.0959,ATTRACTOR-FAILED
