depth,sector,condition,rg_similarity,basin_connectivity,corridor_stability,topological_hierarchy_index,navigation_survival_rate,attractor_dominance,topology_persistence,classification
1,Projection,BasinConnectivityMapping,0.9585,0.9109,0.917,0.8979,0.8928,0.8919,0.8943,TOPOLOGY-CONNECTED
2,Projection,BasinConnectivityMapping,0.9126,0.876,0.8857,0.861,0.8702,0.8478,0.857,TOPOLOGY-CONNECTED
4,Projection,BasinConnectivityMapping,0.8507,0.8146,0.8087,0.814,0.8096,0.7968,0.7925,TOPOLOGY-CONNECTED
6,Projection,BasinConnectivityMapping,0.8044,0.7931,0.7622,0.7386,0.7593,0.7398,0.7509,TOPOLOGY-CONNECTED
8,Projection,BasinConnectivityMapping,0.748,0.7272,0.7257,0.7079,0.6849,0.7077,0.6963,TOPOLOGY-BOUNDED
12,Projection,BasinConnectivityMapping,0.692,0.6573,0.6362,0.6416,0.6217,0.6302,0.6241,TOPOLOGY-PARTIAL
16,Projection,BasinConnectivityMapping,0.6079,0.5851,0.5897,0.5651,0.5667,0.5546,0.5814,TOPOLOGY-PARTIAL
20,Projection,BasinConnectivityMapping,0.5639,0.5368,0.5356,0.5314,0.5045,0.513,0.5266,TOPOLOGY-DEGRADING
24,Projection,BasinConnectivityMapping,0.5171,0.4945,0.4981,0.4843,0.4676,0.4778,0.4792,TOPOLOGY-DEGRADING
32,Projection,BasinConnectivityMapping,0.4478,0.4337,0.4228,0.4108,0.3979,0.412,0.4061,TOPOLOGY-DEGRADING
40,Projection,BasinConnectivityMapping,0.396,0.3719,0.3634,0.366,0.3559,0.3584,0.3554,TOPOLOGY-FAILED
48,Projection,BasinConnectivityMapping,0.3465,0.3281,0.3342,0.3217,0.3132,0.3225,0.3229,TOPOLOGY-FAILED
64,Projection,BasinConnectivityMapping,0.2806,0.2707,0.2656,0.2645,0.2576,0.2586,0.2648,TOPOLOGY-FAILED
80,Projection,BasinConnectivityMapping,0.2435,0.2353,0.2239,0.2262,0.2223,0.2206,0.2245,TOPOLOGY-FAILED
96,Projection,BasinConnectivityMapping,0.21,0.1969,0.201,0.1955,0.1922,0.189,0.1942,TOPOLOGY-FAILED
128,Projection,BasinConnectivityMapping,0.1629,0.1621,0.158,0.1543,0.1516,0.1527,0.151,TOPOLOGY-FAILED
160,Projection,BasinConnectivityMapping,0.1372,0.1309,0.1292,0.1285,0.1236,0.126,0.1277,TOPOLOGY-FAILED
1,Projection,TransitionCorridorAnalysis,0.959,0.9318,0.9254,0.9197,0.9099,0.8696,0.8872,TOPOLOGY-CONNECTED
2,Projection,TransitionCorridorAnalysis,0.9203,0.8637,0.8951,0.8692,0.8526,0.8414,0.8703,TOPOLOGY-CONNECTED
4,Projection,TransitionCorridorAnalysis,0.8857,0.8168,0.8394,0.8038,0.8083,0.7766,0.8058,TOPOLOGY-CONNECTED
6,Projection,TransitionCorridorAnalysis,0.8045,0.7552,0.7804,0.7723,0.7441,0.7191,0.7568,TOPOLOGY-CONNECTED
8,Projection,TransitionCorridorAnalysis,0.7551,0.7104,0.7254,0.7275,0.7179,0.678,0.7175,TOPOLOGY-BOUNDED
12,Projection,TransitionCorridorAnalysis,0.6904,0.6455,0.6474,0.6362,0.6316,0.6264,0.6394,TOPOLOGY-PARTIAL
16,Projection,TransitionCorridorAnalysis,0.6071,0.5854,0.5896,0.5822,0.5578,0.57,0.5732,TOPOLOGY-PARTIAL
20,Projection,TransitionCorridorAnalysis,0.5639,0.5411,0.5309,0.5258,0.5163,0.5168,0.5276,TOPOLOGY-DEGRADING
24,Projection,TransitionCorridorAnalysis,0.5155,0.4788,0.4943,0.4732,0.479,0.468,0.4848,TOPOLOGY-DEGRADING
32,Projection,TransitionCorridorAnalysis,0.4412,0.419,0.4245,0.4104,0.4159,0.3962,0.4139,TOPOLOGY-DEGRADING
40,Projection,TransitionCorridorAnalysis,0.3963,0.3663,0.3687,0.3708,0.3636,0.3507,0.3707,TOPOLOGY-FAILED
48,Projection,TransitionCorridorAnalysis,0.3521,0.323,0.3254,0.3283,0.3193,0.3113,0.3301,TOPOLOGY-FAILED
64,Projection,TransitionCorridorAnalysis,0.2856,0.2694,0.2771,0.2661,0.2635,0.2581,0.2638,TOPOLOGY-FAILED
80,Projection,TransitionCorridorAnalysis,0.2474,0.2282,0.2319,0.2309,0.2245,0.2144,0.2247,TOPOLOGY-FAILED
96,Projection,TransitionCorridorAnalysis,0.2145,0.2007,0.1992,0.2,0.1972,0.1867,0.1984,TOPOLOGY-FAILED
128,Projection,TransitionCorridorAnalysis,0.1666,0.154,0.159,0.1536,0.1521,0.1493,0.1569,TOPOLOGY-FAILED
160,Projection,TransitionCorridorAnalysis,0.1404,0.1296,0.1339,0.1308,0.1271,0.1255,0.1265,TOPOLOGY-FAILED
1,Projection,TopologicalHierarchyExtraction,0.9549,0.9252,0.8987,0.92,0.8865,0.8979,0.9129,TOPOLOGY-CONNECTED
2,Projection,TopologicalHierarchyExtraction,0.9276,0.8703,0.8732,0.8996,0.8523,0.859,0.8676,TOPOLOGY-CONNECTED
4,Projection,TopologicalHierarchyExtraction,0.8562,0.8161,0.8063,0.8108,0.7807,0.8042,0.8171,TOPOLOGY-CONNECTED
6,Projection,TopologicalHierarchyExtraction,0.804,0.7849,0.7731,0.7618,0.7475,0.7457,0.7608,TOPOLOGY-CONNECTED
8,Projection,TopologicalHierarchyExtraction,0.7527,0.7261,0.7145,0.7172,0.6877,0.707,0.7126,TOPOLOGY-BOUNDED
12,Projection,TopologicalHierarchyExtraction,0.6895,0.6343,0.6259,0.6524,0.618,0.6214,0.6185,TOPOLOGY-PARTIAL
16,Projection,TopologicalHierarchyExtraction,0.6149,0.595,0.579,0.5929,0.5735,0.5721,0.5702,TOPOLOGY-PARTIAL
20,Projection,TopologicalHierarchyExtraction,0.5468,0.527,0.5366,0.5283,0.513,0.5088,0.5149,TOPOLOGY-DEGRADING
24,Projection,TopologicalHierarchyExtraction,0.5226,0.4913,0.479,0.4935,0.4788,0.48,0.4822,TOPOLOGY-DEGRADING
32,Projection,TopologicalHierarchyExtraction,0.4388,0.4273,0.4237,0.4162,0.4058,0.4082,0.4102,TOPOLOGY-DEGRADING
40,Projection,TopologicalHierarchyExtraction,0.3903,0.3759,0.3605,0.3648,0.3584,0.3574,0.3606,TOPOLOGY-FAILED
48,Projection,TopologicalHierarchyExtraction,0.3409,0.3286,0.3305,0.3345,0.3212,0.3143,0.3242,TOPOLOGY-FAILED
64,Projection,TopologicalHierarchyExtraction,0.2792,0.2689,0.2648,0.2729,0.2601,0.2595,0.2645,TOPOLOGY-FAILED
80,Projection,TopologicalHierarchyExtraction,0.2372,0.2282,0.2213,0.2307,0.2201,0.2224,0.2237,TOPOLOGY-FAILED
96,Projection,TopologicalHierarchyExtraction,0.2107,0.1965,0.1949,0.1968,0.1931,0.191,0.1927,TOPOLOGY-FAILED
128,Projection,TopologicalHierarchyExtraction,0.1641,0.1579,0.1585,0.1575,0.1512,0.1506,0.152,TOPOLOGY-FAILED
160,Projection,TopologicalHierarchyExtraction,0.1375,0.1299,0.1294,0.1278,0.1261,0.1249,0.1263,TOPOLOGY-FAILED
1,Projection,AttractorNavigationStability,0.9478,0.9112,0.9121,0.8894,0.9083,0.8833,0.903,TOPOLOGY-CONNECTED
2,Projection,AttractorNavigationStability,0.908,0.864,0.8716,0.8456,0.8897,0.8259,0.8809,TOPOLOGY-CONNECTED
4,Projection,AttractorNavigationStability,0.8534,0.8244,0.8308,0.8042,0.8098,0.8028,0.8141,TOPOLOGY-CONNECTED
6,Projection,AttractorNavigationStability,0.8066,0.7686,0.7661,0.7584,0.7449,0.727,0.7532,TOPOLOGY-CONNECTED
8,Projection,AttractorNavigationStability,0.7593,0.7353,0.7233,0.7064,0.7281,0.697,0.7094,TOPOLOGY-BOUNDED
12,Projection,AttractorNavigationStability,0.6731,0.6596,0.6311,0.6372,0.6335,0.625,0.6413,TOPOLOGY-PARTIAL
16,Projection,AttractorNavigationStability,0.6212,0.5915,0.5835,0.5626,0.5879,0.5568,0.5647,TOPOLOGY-PARTIAL
20,Projection,AttractorNavigationStability,0.5522,0.5397,0.5231,0.5093,0.5255,0.502,0.512,TOPOLOGY-DEGRADING
24,Projection,AttractorNavigationStability,0.5109,0.479,0.4742,0.4683,0.4905,0.4677,0.4725,TOPOLOGY-DEGRADING
32,Projection,AttractorNavigationStability,0.4481,0.4269,0.4146,0.408,0.4208,0.3989,0.4025,TOPOLOGY-DEGRADING
40,Projection,AttractorNavigationStability,0.3861,0.362,0.3634,0.3653,0.3727,0.3464,0.3529,TOPOLOGY-FAILED
48,Projection,AttractorNavigationStability,0.3361,0.3342,0.3303,0.3169,0.3302,0.3208,0.3166,TOPOLOGY-FAILED
64,Projection,AttractorNavigationStability,0.2826,0.269,0.2691,0.2692,0.266,0.2587,0.2648,TOPOLOGY-FAILED
80,Projection,AttractorNavigationStability,0.2343,0.2238,0.2238,0.2256,0.2278,0.2189,0.2232,TOPOLOGY-FAILED
96,Projection,AttractorNavigationStability,0.2075,0.1968,0.1969,0.1952,0.1957,0.1874,0.1913,TOPOLOGY-FAILED
128,Projection,AttractorNavigationStability,0.1661,0.1595,0.1534,0.151,0.1578,0.1525,0.1524,TOPOLOGY-FAILED
160,Projection,AttractorNavigationStability,0.1363,0.1279,0.1276,0.1261,0.1262,0.1229,0.1293,TOPOLOGY-FAILED
1,Projection,BasinMergerSplittingDynamics,0.9564,0.9073,0.8866,0.9041,0.8875,0.895,0.8867,TOPOLOGY-CONNECTED
2,Projection,BasinMergerSplittingDynamics,0.8999,0.9078,0.8546,0.8679,0.8393,0.8571,0.859,TOPOLOGY-CONNECTED
4,Projection,BasinMergerSplittingDynamics,0.8508,0.8394,0.8101,0.8058,0.8113,0.7969,0.8187,TOPOLOGY-CONNECTED
6,Projection,BasinMergerSplittingDynamics,0.8131,0.7659,0.768,0.7632,0.752,0.7362,0.7461,TOPOLOGY-CONNECTED
8,Projection,BasinMergerSplittingDynamics,0.7593,0.7399,0.71,0.7124,0.6973,0.7061,0.7032,TOPOLOGY-BOUNDED
12,Projection,BasinMergerSplittingDynamics,0.6623,0.6418,0.6428,0.6382,0.6156,0.618,0.6298,TOPOLOGY-PARTIAL
16,Projection,BasinMergerSplittingDynamics,0.6169,0.5984,0.568,0.5689,0.5618,0.5701,0.5764,TOPOLOGY-PARTIAL
20,Projection,BasinMergerSplittingDynamics,0.5524,0.5323,0.5147,0.5242,0.5221,0.5157,0.531,TOPOLOGY-DEGRADING
24,Projection,BasinMergerSplittingDynamics,0.498,0.5029,0.4916,0.4743,0.4633,0.4676,0.4735,TOPOLOGY-DEGRADING
32,Projection,BasinMergerSplittingDynamics,0.429,0.4285,0.4173,0.4085,0.4128,0.4177,0.4086,TOPOLOGY-DEGRADING
40,Projection,BasinMergerSplittingDynamics,0.3791,0.3655,0.3624,0.3603,0.3533,0.3534,0.3561,TOPOLOGY-FAILED
48,Projection,BasinMergerSplittingDynamics,0.3459,0.3384,0.3258,0.3181,0.3249,0.3172,0.3254,TOPOLOGY-FAILED
64,Projection,BasinMergerSplittingDynamics,0.2763,0.2746,0.2642,0.2581,0.2663,0.2653,0.2671,TOPOLOGY-FAILED
80,Projection,BasinMergerSplittingDynamics,0.236,0.2286,0.2233,0.227,0.2229,0.2241,0.2287,TOPOLOGY-FAILED
96,Projection,BasinMergerSplittingDynamics,0.2086,0.2031,0.1933,0.191,0.1939,0.1985,0.1951,TOPOLOGY-FAILED
128,Projection,BasinMergerSplittingDynamics,0.1607,0.1622,0.1572,0.1521,0.153,0.1509,0.1535,TOPOLOGY-FAILED
160,Projection,BasinMergerSplittingDynamics,0.1364,0.1299,0.1273,0.1292,0.1281,0.1292,0.1247,TOPOLOGY-FAILED
1,Projection,PerturbationCorridorRecovery,0.9549,0.9022,0.918,0.8675,0.9072,0.8828,0.9094,TOPOLOGY-CONNECTED
2,Projection,PerturbationCorridorRecovery,0.9045,0.8876,0.8843,0.8438,0.8591,0.8527,0.8565,TOPOLOGY-CONNECTED
4,Projection,PerturbationCorridorRecovery,0.8502,0.8229,0.8178,0.8017,0.8086,0.7796,0.7999,TOPOLOGY-CONNECTED
6,Projection,PerturbationCorridorRecovery,0.8068,0.7542,0.7484,0.7289,0.7515,0.7425,0.7545,TOPOLOGY-BOUNDED
8,Projection,PerturbationCorridorRecovery,0.7546,0.7194,0.716,0.6931,0.7001,0.672,0.6957,TOPOLOGY-BOUNDED
12,Projection,PerturbationCorridorRecovery,0.667,0.648,0.651,0.6148,0.6248,0.6036,0.6242,TOPOLOGY-PARTIAL
16,Projection,PerturbationCorridorRecovery,0.6057,0.5852,0.5728,0.5644,0.5627,0.5446,0.5733,TOPOLOGY-PARTIAL
20,Projection,PerturbationCorridorRecovery,0.5426,0.5214,0.5146,0.5166,0.5143,0.493,0.5131,TOPOLOGY-DEGRADING
24,Projection,PerturbationCorridorRecovery,0.4965,0.4841,0.4853,0.4805,0.4732,0.4689,0.4758,TOPOLOGY-DEGRADING
32,Projection,PerturbationCorridorRecovery,0.4393,0.421,0.4069,0.4087,0.4139,0.4026,0.4029,TOPOLOGY-DEGRADING
40,Projection,PerturbationCorridorRecovery,0.3875,0.3612,0.3638,0.3575,0.3626,0.3414,0.3687,TOPOLOGY-FAILED
48,Projection,PerturbationCorridorRecovery,0.3403,0.331,0.3213,0.3118,0.3157,0.3102,0.323,TOPOLOGY-FAILED
64,Projection,PerturbationCorridorRecovery,0.2769,0.2724,0.2673,0.2634,0.2684,0.2553,0.2646,TOPOLOGY-FAILED
80,Projection,PerturbationCorridorRecovery,0.2317,0.2276,0.2291,0.217,0.2246,0.2194,0.2192,TOPOLOGY-FAILED
96,Projection,PerturbationCorridorRecovery,0.2042,0.198,0.1946,0.1884,0.1975,0.1839,0.1904,TOPOLOGY-FAILED
128,Projection,PerturbationCorridorRecovery,0.1625,0.1522,0.1572,0.1498,0.1554,0.1457,0.1524,TOPOLOGY-FAILED
160,Projection,PerturbationCorridorRecovery,0.1334,0.1289,0.1269,0.1265,0.1281,0.1201,0.1246,TOPOLOGY-FAILED
1,Projection,NullTopologyControl,0.7417,0.7584,0.752,0.7337,0.702,0.7215,0.723,TOPOLOGY-CONNECTED
2,Projection,NullTopologyControl,0.7228,0.712,0.711,0.7346,0.7036,0.6964,0.6878,TOPOLOGY-BOUNDED
4,Projection,NullTopologyControl,0.6726,0.6699,0.6602,0.66,0.6552,0.6313,0.6431,TOPOLOGY-BOUNDED
6,Projection,NullTopologyControl,0.6488,0.6225,0.6178,0.6275,0.5993,0.604,0.5951,TOPOLOGY-PARTIAL
8,Projection,NullTopologyControl,0.6006,0.5809,0.5862,0.5734,0.5656,0.5708,0.5838,TOPOLOGY-PARTIAL
12,Projection,NullTopologyControl,0.5505,0.5315,0.5251,0.5253,0.4913,0.4964,0.5135,TOPOLOGY-DEGRADING
16,Projection,NullTopologyControl,0.4906,0.4735,0.4781,0.4867,0.456,0.4574,0.467,TOPOLOGY-DEGRADING
20,Projection,NullTopologyControl,0.4482,0.4324,0.4244,0.4305,0.409,0.403,0.427,TOPOLOGY-DEGRADING
24,Projection,NullTopologyControl,0.396,0.4082,0.392,0.3908,0.3859,0.3748,0.3804,TOPOLOGY-DEGRADING
32,Projection,NullTopologyControl,0.3417,0.3399,0.3323,0.3382,0.3199,0.3295,0.3414,TOPOLOGY-FAILED
40,Projection,NullTopologyControl,0.2987,0.3005,0.3016,0.3074,0.2938,0.2787,0.2985,TOPOLOGY-FAILED
48,Projection,NullTopologyControl,0.2695,0.2687,0.2641,0.2631,0.2503,0.2472,0.2575,TOPOLOGY-FAILED
64,Projection,NullTopologyControl,0.2294,0.2194,0.2117,0.222,0.2093,0.2135,0.2093,TOPOLOGY-FAILED
80,Projection,NullTopologyControl,0.195,0.188,0.1855,0.1834,0.1786,0.1763,0.1767,TOPOLOGY-FAILED
96,Projection,NullTopologyControl,0.1631,0.1638,0.1615,0.1587,0.1537,0.1559,0.1587,TOPOLOGY-FAILED
128,Projection,NullTopologyControl,0.1297,0.1249,0.1231,0.128,0.1203,0.1191,0.1265,TOPOLOGY-FAILED
160,Projection,NullTopologyControl,0.108,0.1051,0.1043,0.1087,0.1038,0.1012,0.1035,TOPOLOGY-FAILED
1,Antisymmetry,BasinConnectivityMapping,0.9233,0.8765,0.8936,0.8669,0.8544,0.8688,0.8501,TOPOLOGY-CONNECTED
2,Antisymmetry,BasinConnectivityMapping,0.9195,0.8755,0.8563,0.8147,0.8073,0.8253,0.8294,TOPOLOGY-CONNECTED
4,Antisymmetry,BasinConnectivityMapping,0.856,0.806,0.7795,0.769,0.7582,0.7577,0.7591,TOPOLOGY-CONNECTED
6,Antisymmetry,BasinConnectivityMapping,0.773,0.7618,0.7489,0.7274,0.7206,0.7265,0.7231,TOPOLOGY-BOUNDED
8,Antisymmetry,BasinConnectivityMapping,0.7533,0.7123,0.7074,0.684,0.6786,0.6742,0.6936,TOPOLOGY-BOUNDED
12,Antisymmetry,BasinConnectivityMapping,0.6729,0.6222,0.6146,0.6063,0.6097,0.6047,0.6107,TOPOLOGY-PARTIAL
16,Antisymmetry,BasinConnectivityMapping,0.6083,0.573,0.5587,0.5542,0.5553,0.5459,0.5588,TOPOLOGY-PARTIAL
20,Antisymmetry,BasinConnectivityMapping,0.5449,0.5275,0.5216,0.5132,0.4956,0.4989,0.4943,TOPOLOGY-DEGRADING
24,Antisymmetry,BasinConnectivityMapping,0.4947,0.4885,0.4754,0.4533,0.4592,0.4552,0.4531,TOPOLOGY-DEGRADING
32,Antisymmetry,BasinConnectivityMapping,0.4273,0.4088,0.413,0.3955,0.3923,0.391,0.3902,TOPOLOGY-DEGRADING
40,Antisymmetry,BasinConnectivityMapping,0.3696,0.3591,0.3503,0.349,0.3465,0.3416,0.3559,TOPOLOGY-FAILED
48,Antisymmetry,BasinConnectivityMapping,0.3411,0.3251,0.3195,0.3172,0.3122,0.3015,0.3152,TOPOLOGY-FAILED
64,Antisymmetry,BasinConnectivityMapping,0.2721,0.2648,0.2638,0.2539,0.2578,0.2562,0.258,TOPOLOGY-FAILED
80,Antisymmetry,BasinConnectivityMapping,0.2345,0.2271,0.2205,0.2154,0.2133,0.2148,0.2142,TOPOLOGY-FAILED
96,Antisymmetry,BasinConnectivityMapping,0.2033,0.1921,0.1895,0.1875,0.185,0.1856,0.1892,TOPOLOGY-FAILED
128,Antisymmetry,BasinConnectivityMapping,0.1591,0.156,0.1527,0.1477,0.144,0.1452,0.1513,TOPOLOGY-FAILED
160,Antisymmetry,BasinConnectivityMapping,0.1334,0.1278,0.1235,0.1235,0.123,0.1195,0.1246,TOPOLOGY-FAILED
1,Antisymmetry,TransitionCorridorAnalysis,0.96,0.9003,0.9007,0.886,0.8732,0.8313,0.8868,TOPOLOGY-CONNECTED
2,Antisymmetry,TransitionCorridorAnalysis,0.8959,0.8403,0.8616,0.8469,0.848,0.7967,0.8491,TOPOLOGY-CONNECTED
4,Antisymmetry,TransitionCorridorAnalysis,0.8535,0.7988,0.7986,0.7957,0.7706,0.7627,0.7722,TOPOLOGY-CONNECTED
6,Antisymmetry,TransitionCorridorAnalysis,0.7765,0.7324,0.7465,0.7295,0.7325,0.7167,0.7223,TOPOLOGY-BOUNDED
8,Antisymmetry,TransitionCorridorAnalysis,0.7486,0.6938,0.6972,0.6777,0.6738,0.6607,0.6961,TOPOLOGY-BOUNDED
12,Antisymmetry,TransitionCorridorAnalysis,0.6712,0.629,0.6269,0.6162,0.6016,0.6033,0.6198,TOPOLOGY-PARTIAL
16,Antisymmetry,TransitionCorridorAnalysis,0.5939,0.5567,0.5745,0.5572,0.5568,0.5447,0.5657,TOPOLOGY-PARTIAL
20,Antisymmetry,TransitionCorridorAnalysis,0.5573,0.5136,0.5311,0.4996,0.5109,0.4915,0.5113,TOPOLOGY-DEGRADING
24,Antisymmetry,TransitionCorridorAnalysis,0.5103,0.4729,0.4811,0.4602,0.4632,0.4562,0.4693,TOPOLOGY-DEGRADING
32,Antisymmetry,TransitionCorridorAnalysis,0.4367,0.4021,0.4066,0.4074,0.4003,0.3947,0.3989,TOPOLOGY-DEGRADING
40,Antisymmetry,TransitionCorridorAnalysis,0.3745,0.3521,0.3681,0.3568,0.3507,0.3335,0.3481,TOPOLOGY-FAILED
48,Antisymmetry,TransitionCorridorAnalysis,0.3317,0.3122,0.3187,0.3184,0.3141,0.3022,0.3182,TOPOLOGY-FAILED
64,Antisymmetry,TransitionCorridorAnalysis,0.2808,0.2617,0.2615,0.26,0.2496,0.2544,0.2637,TOPOLOGY-FAILED
80,Antisymmetry,TransitionCorridorAnalysis,0.2374,0.2186,0.2204,0.2185,0.2192,0.2131,0.2143,TOPOLOGY-FAILED
96,Antisymmetry,TransitionCorridorAnalysis,0.2012,0.1955,0.1948,0.1867,0.1892,0.1867,0.1936,TOPOLOGY-FAILED
128,Antisymmetry,TransitionCorridorAnalysis,0.1602,0.1512,0.1512,0.1526,0.1452,0.1444,0.1488,TOPOLOGY-FAILED
160,Antisymmetry,TransitionCorridorAnalysis,0.1359,0.1254,0.1249,0.1271,0.1242,0.1227,0.1239,TOPOLOGY-FAILED
1,Antisymmetry,TopologicalHierarchyExtraction,0.9455,0.8754,0.8758,0.8875,0.8741,0.8411,0.8853,TOPOLOGY-CONNECTED
2,Antisymmetry,TopologicalHierarchyExtraction,0.9006,0.8712,0.8364,0.8655,0.8057,0.8083,0.8219,TOPOLOGY-CONNECTED
4,Antisymmetry,TopologicalHierarchyExtraction,0.8311,0.7865,0.788,0.8003,0.7673,0.7589,0.788,TOPOLOGY-CONNECTED
6,Antisymmetry,TopologicalHierarchyExtraction,0.7777,0.7406,0.7453,0.7484,0.7086,0.7285,0.7126,TOPOLOGY-BOUNDED
8,Antisymmetry,TopologicalHierarchyExtraction,0.7459,0.6939,0.7052,0.7036,0.6887,0.6729,0.6969,TOPOLOGY-BOUNDED
12,Antisymmetry,TopologicalHierarchyExtraction,0.6505,0.6325,0.617,0.6182,0.5901,0.5972,0.6039,TOPOLOGY-PARTIAL
16,Antisymmetry,TopologicalHierarchyExtraction,0.6013,0.5702,0.546,0.5558,0.5551,0.5537,0.5604,TOPOLOGY-DEGRADING
20,Antisymmetry,TopologicalHierarchyExtraction,0.5316,0.5211,0.5019,0.5258,0.489,0.5048,0.508,TOPOLOGY-DEGRADING
24,Antisymmetry,TopologicalHierarchyExtraction,0.4969,0.4771,0.4611,0.4683,0.4528,0.4597,0.4555,TOPOLOGY-DEGRADING
32,Antisymmetry,TopologicalHierarchyExtraction,0.4307,0.4004,0.4109,0.4063,0.3855,0.384,0.3943,TOPOLOGY-DEGRADING
40,Antisymmetry,TopologicalHierarchyExtraction,0.3682,0.3511,0.3585,0.3601,0.3486,0.3515,0.3438,TOPOLOGY-FAILED
48,Antisymmetry,TopologicalHierarchyExtraction,0.3379,0.3171,0.312,0.3166,0.3137,0.314,0.3174,TOPOLOGY-FAILED
64,Antisymmetry,TopologicalHierarchyExtraction,0.2769,0.263,0.2606,0.2665,0.2492,0.2558,0.2522,TOPOLOGY-FAILED
80,Antisymmetry,TopologicalHierarchyExtraction,0.2321,0.2231,0.2229,0.2235,0.2112,0.2166,0.2123,TOPOLOGY-FAILED
96,Antisymmetry,TopologicalHierarchyExtraction,0.1987,0.1942,0.1908,0.1952,0.1873,0.1885,0.1914,TOPOLOGY-FAILED
128,Antisymmetry,TopologicalHierarchyExtraction,0.1614,0.1507,0.1471,0.1498,0.1461,0.144,0.1464,TOPOLOGY-FAILED
160,Antisymmetry,TopologicalHierarchyExtraction,0.1296,0.1255,0.1221,0.128,0.1215,0.1215,0.1227,TOPOLOGY-FAILED
1,Antisymmetry,AttractorNavigationStability,0.9273,0.8806,0.8932,0.8666,0.8736,0.8575,0.8832,TOPOLOGY-CONNECTED
2,Antisymmetry,AttractorNavigationStability,0.9027,0.8595,0.8573,0.8169,0.8619,0.8313,0.8224,TOPOLOGY-CONNECTED
4,Antisymmetry,AttractorNavigationStability,0.8237,0.778,0.7822,0.7746,0.7789,0.7442,0.7892,TOPOLOGY-CONNECTED
6,Antisymmetry,AttractorNavigationStability,0.7696,0.7314,0.7235,0.7288,0.7315,0.7158,0.7264,TOPOLOGY-BOUNDED
8,Antisymmetry,AttractorNavigationStability,0.7208,0.7036,0.6922,0.6716,0.7063,0.6793,0.6912,TOPOLOGY-BOUNDED
12,Antisymmetry,AttractorNavigationStability,0.6511,0.6326,0.6053,0.6216,0.6167,0.5919,0.6075,TOPOLOGY-PARTIAL
16,Antisymmetry,AttractorNavigationStability,0.5862,0.5728,0.545,0.5395,0.5624,0.5502,0.5446,TOPOLOGY-DEGRADING
20,Antisymmetry,AttractorNavigationStability,0.548,0.5245,0.509,0.505,0.515,0.4877,0.5018,TOPOLOGY-DEGRADING
24,Antisymmetry,AttractorNavigationStability,0.485,0.4708,0.4584,0.4646,0.47,0.4613,0.4594,TOPOLOGY-DEGRADING
32,Antisymmetry,AttractorNavigationStability,0.4306,0.4119,0.3932,0.3919,0.3981,0.3834,0.3984,TOPOLOGY-DEGRADING
40,Antisymmetry,AttractorNavigationStability,0.3808,0.3648,0.3573,0.353,0.3587,0.3398,0.3459,TOPOLOGY-FAILED
48,Antisymmetry,AttractorNavigationStability,0.332,0.3184,0.3156,0.3075,0.3098,0.3078,0.3099,TOPOLOGY-FAILED
64,Antisymmetry,AttractorNavigationStability,0.2765,0.2562,0.2592,0.2508,0.2612,0.2454,0.2548,TOPOLOGY-FAILED
80,Antisymmetry,AttractorNavigationStability,0.2311,0.2177,0.2184,0.2169,0.2234,0.2103,0.2208,TOPOLOGY-FAILED
96,Antisymmetry,AttractorNavigationStability,0.2018,0.1935,0.1934,0.191,0.1942,0.1845,0.1906,TOPOLOGY-FAILED
128,Antisymmetry,AttractorNavigationStability,0.1565,0.1491,0.1533,0.1499,0.1503,0.1479,0.1452,TOPOLOGY-FAILED
160,Antisymmetry,AttractorNavigationStability,0.134,0.1281,0.1242,0.1227,0.123,0.1228,0.1242,TOPOLOGY-FAILED
1,Antisymmetry,BasinMergerSplittingDynamics,0.9273,0.9049,0.8616,0.854,0.8381,0.8827,0.8625,TOPOLOGY-CONNECTED
2,Antisymmetry,BasinMergerSplittingDynamics,0.8733,0.8476,0.8609,0.8149,0.8132,0.8412,0.8245,TOPOLOGY-CONNECTED
4,Antisymmetry,BasinMergerSplittingDynamics,0.838,0.8088,0.7897,0.7905,0.768,0.7625,0.7655,TOPOLOGY-CONNECTED
6,Antisymmetry,BasinMergerSplittingDynamics,0.7659,0.7392,0.724,0.715,0.7113,0.7125,0.7407,TOPOLOGY-BOUNDED
8,Antisymmetry,BasinMergerSplittingDynamics,0.7253,0.6983,0.6942,0.6719,0.6902,0.6787,0.6943,TOPOLOGY-BOUNDED
12,Antisymmetry,BasinMergerSplittingDynamics,0.6536,0.6203,0.6049,0.606,0.6029,0.5985,0.5986,TOPOLOGY-PARTIAL
16,Antisymmetry,BasinMergerSplittingDynamics,0.5819,0.5729,0.557,0.5487,0.5374,0.5394,0.5432,TOPOLOGY-PARTIAL
20,Antisymmetry,BasinMergerSplittingDynamics,0.5453,0.5186,0.4976,0.507,0.5045,0.507,0.498,TOPOLOGY-DEGRADING
24,Antisymmetry,BasinMergerSplittingDynamics,0.4882,0.4831,0.4591,0.4548,0.4656,0.4609,0.4539,TOPOLOGY-DEGRADING
32,Antisymmetry,BasinMergerSplittingDynamics,0.4139,0.4022,0.4109,0.4015,0.3982,0.4041,0.3917,TOPOLOGY-DEGRADING
40,Antisymmetry,BasinMergerSplittingDynamics,0.3709,0.3608,0.3595,0.3523,0.3489,0.3523,0.3418,TOPOLOGY-FAILED
48,Antisymmetry,BasinMergerSplittingDynamics,0.3285,0.3207,0.3142,0.3158,0.3073,0.3129,0.311,TOPOLOGY-FAILED
64,Antisymmetry,BasinMergerSplittingDynamics,0.2757,0.2608,0.2574,0.2599,0.2467,0.2493,0.2494,TOPOLOGY-FAILED
80,Antisymmetry,BasinMergerSplittingDynamics,0.2274,0.2225,0.2147,0.2137,0.2131,0.216,0.2135,TOPOLOGY-FAILED
96,Antisymmetry,BasinMergerSplittingDynamics,0.1988,0.1956,0.1897,0.1841,0.1868,0.1906,0.1854,TOPOLOGY-FAILED
128,Antisymmetry,BasinMergerSplittingDynamics,0.1583,0.1556,0.15,0.1502,0.1473,0.1458,0.1483,TOPOLOGY-FAILED
160,Antisymmetry,BasinMergerSplittingDynamics,0.1323,0.1294,0.1266,0.1209,0.1199,0.1243,0.122,TOPOLOGY-FAILED
1,Antisymmetry,PerturbationCorridorRecovery,0.9222,0.8849,0.8841,0.8571,0.8826,0.8427,0.8789,TOPOLOGY-CONNECTED
2,Antisymmetry,PerturbationCorridorRecovery,0.8871,0.8455,0.8479,0.8098,0.8202,0.7963,0.8516,TOPOLOGY-CONNECTED
4,Antisymmetry,PerturbationCorridorRecovery,0.819,0.7861,0.7903,0.7522,0.7822,0.7666,0.7886,TOPOLOGY-CONNECTED
6,Antisymmetry,PerturbationCorridorRecovery,0.7649,0.7414,0.7426,0.7267,0.7151,0.7099,0.7381,TOPOLOGY-BOUNDED
8,Antisymmetry,PerturbationCorridorRecovery,0.7107,0.7019,0.6813,0.6734,0.6901,0.6736,0.6938,TOPOLOGY-BOUNDED
12,Antisymmetry,PerturbationCorridorRecovery,0.6368,0.6254,0.6109,0.6088,0.6149,0.5761,0.6009,TOPOLOGY-PARTIAL
16,Antisymmetry,PerturbationCorridorRecovery,0.5743,0.549,0.5532,0.533,0.5436,0.5409,0.5452,TOPOLOGY-DEGRADING
20,Antisymmetry,PerturbationCorridorRecovery,0.5233,0.5049,0.5073,0.4991,0.4992,0.4736,0.4944,TOPOLOGY-DEGRADING
24,Antisymmetry,PerturbationCorridorRecovery,0.4854,0.4738,0.4735,0.4622,0.4714,0.4414,0.4693,TOPOLOGY-DEGRADING
32,Antisymmetry,PerturbationCorridorRecovery,0.4125,0.4085,0.3962,0.3864,0.3989,0.3804,0.4052,TOPOLOGY-DEGRADING
40,Antisymmetry,PerturbationCorridorRecovery,0.374,0.3478,0.3548,0.3512,0.3566,0.335,0.3555,TOPOLOGY-FAILED
48,Antisymmetry,PerturbationCorridorRecovery,0.3305,0.3195,0.3145,0.3069,0.3128,0.304,0.3053,TOPOLOGY-FAILED
64,Antisymmetry,PerturbationCorridorRecovery,0.2746,0.2563,0.2533,0.2542,0.2508,0.2434,0.254,TOPOLOGY-FAILED
80,Antisymmetry,PerturbationCorridorRecovery,0.2303,0.2202,0.2179,0.2135,0.2119,0.2039,0.2176,TOPOLOGY-FAILED
96,Antisymmetry,PerturbationCorridorRecovery,0.1967,0.1882,0.1896,0.1894,0.1917,0.1798,0.1851,TOPOLOGY-FAILED
128,Antisymmetry,PerturbationCorridorRecovery,0.1556,0.1502,0.1512,0.1502,0.1505,0.1459,0.1467,TOPOLOGY-FAILED
160,Antisymmetry,PerturbationCorridorRecovery,0.1284,0.1239,0.1222,0.1216,0.1229,0.1214,0.1255,TOPOLOGY-FAILED
1,Antisymmetry,NullTopologyControl,0.739,0.7222,0.6861,0.6963,0.6977,0.6581,0.7022,TOPOLOGY-BOUNDED
2,Antisymmetry,NullTopologyControl,0.7056,0.6712,0.693,0.7043,0.6662,0.6687,0.6712,TOPOLOGY-BOUNDED
4,Antisymmetry,NullTopologyControl,0.6679,0.6421,0.6365,0.6587,0.614,0.598,0.6163,TOPOLOGY-PARTIAL
6,Antisymmetry,NullTopologyControl,0.626,0.5883,0.6082,0.5929,0.5865,0.5721,0.5683,TOPOLOGY-PARTIAL
8,Antisymmetry,NullTopologyControl,0.577,0.5595,0.5543,0.5551,0.5425,0.5413,0.5375,TOPOLOGY-PARTIAL
12,Antisymmetry,NullTopologyControl,0.5243,0.5072,0.4989,0.4965,0.4869,0.4674,0.5003,TOPOLOGY-DEGRADING
16,Antisymmetry,NullTopologyControl,0.4728,0.4567,0.438,0.4628,0.4462,0.4381,0.4504,TOPOLOGY-DEGRADING
20,Antisymmetry,NullTopologyControl,0.4194,0.4089,0.4188,0.4057,0.3992,0.3859,0.4143,TOPOLOGY-DEGRADING
24,Antisymmetry,NullTopologyControl,0.3876,0.3854,0.3665,0.3844,0.3661,0.3627,0.3813,TOPOLOGY-FAILED
32,Antisymmetry,NullTopologyControl,0.3438,0.3219,0.3319,0.3374,0.3072,0.3018,0.325,TOPOLOGY-FAILED
40,Antisymmetry,NullTopologyControl,0.3021,0.2836,0.2814,0.292,0.278,0.2691,0.2818,TOPOLOGY-FAILED
48,Antisymmetry,NullTopologyControl,0.2661,0.2528,0.2578,0.2628,0.2432,0.2406,0.2564,TOPOLOGY-FAILED
64,Antisymmetry,NullTopologyControl,0.2158,0.2088,0.2042,0.2068,0.2055,0.1963,0.2052,TOPOLOGY-FAILED
80,Antisymmetry,NullTopologyControl,0.1826,0.1763,0.1733,0.1793,0.1733,0.1728,0.175,TOPOLOGY-FAILED
96,Antisymmetry,NullTopologyControl,0.155,0.1587,0.156,0.1583,0.1458,0.1501,0.1542,TOPOLOGY-FAILED
128,Antisymmetry,NullTopologyControl,0.1285,0.1246,0.1181,0.1227,0.1158,0.1181,0.1218,TOPOLOGY-FAILED
160,Antisymmetry,NullTopologyControl,0.102,0.1012,0.1015,0.1003,0.098,0.0978,0.1007,TOPOLOGY-FAILED
1,Neutral,BasinConnectivityMapping,0.8728,0.8476,0.8188,0.803,0.7881,0.8012,0.7995,TOPOLOGY-CONNECTED
2,Neutral,BasinConnectivityMapping,0.8517,0.8022,0.7826,0.779,0.7818,0.752,0.7787,TOPOLOGY-CONNECTED
4,Neutral,BasinConnectivityMapping,0.7905,0.733,0.7277,0.7057,0.7295,0.6963,0.7396,TOPOLOGY-BOUNDED
6,Neutral,BasinConnectivityMapping,0.7428,0.6872,0.7105,0.6754,0.6589,0.6567,0.6639,TOPOLOGY-BOUNDED
8,Neutral,BasinConnectivityMapping,0.691,0.6495,0.6371,0.6411,0.6183,0.631,0.6468,TOPOLOGY-PARTIAL
12,Neutral,BasinConnectivityMapping,0.6235,0.5926,0.5698,0.5813,0.5557,0.5676,0.582,TOPOLOGY-PARTIAL
16,Neutral,BasinConnectivityMapping,0.5624,0.5273,0.5301,0.5249,0.5055,0.5156,0.5251,TOPOLOGY-DEGRADING
20,Neutral,BasinConnectivityMapping,0.5072,0.4819,0.478,0.4655,0.4672,0.4635,0.4766,TOPOLOGY-DEGRADING
24,Neutral,BasinConnectivityMapping,0.4635,0.4525,0.4362,0.4234,0.4185,0.4172,0.436,TOPOLOGY-DEGRADING
32,Neutral,BasinConnectivityMapping,0.3938,0.3751,0.3708,0.3613,0.3565,0.3563,0.3615,TOPOLOGY-FAILED
40,Neutral,BasinConnectivityMapping,0.3558,0.3404,0.3275,0.3236,0.3281,0.3192,0.3175,TOPOLOGY-FAILED
48,Neutral,BasinConnectivityMapping,0.3153,0.3057,0.2946,0.2828,0.2865,0.2816,0.2863,TOPOLOGY-FAILED
64,Neutral,BasinConnectivityMapping,0.2592,0.2513,0.2475,0.2362,0.2325,0.2288,0.234,TOPOLOGY-FAILED
80,Neutral,BasinConnectivityMapping,0.2213,0.2088,0.2027,0.1991,0.2035,0.1966,0.1994,TOPOLOGY-FAILED
96,Neutral,BasinConnectivityMapping,0.189,0.1794,0.1748,0.1745,0.1736,0.1758,0.1736,TOPOLOGY-FAILED
128,Neutral,BasinConnectivityMapping,0.1517,0.1463,0.1441,0.1393,0.1379,0.136,0.1389,TOPOLOGY-FAILED
160,Neutral,BasinConnectivityMapping,0.1242,0.1198,0.1177,0.1155,0.1155,0.1122,0.1128,TOPOLOGY-FAILED
1,Neutral,TransitionCorridorAnalysis,0.8613,0.8353,0.8524,0.8252,0.7858,0.8005,0.8056,TOPOLOGY-CONNECTED
2,Neutral,TransitionCorridorAnalysis,0.8333,0.7892,0.8198,0.773,0.781,0.7548,0.7796,TOPOLOGY-CONNECTED
4,Neutral,TransitionCorridorAnalysis,0.7827,0.755,0.7649,0.7153,0.7319,0.7095,0.7267,TOPOLOGY-CONNECTED
6,Neutral,TransitionCorridorAnalysis,0.7229,0.6828,0.7163,0.6931,0.6736,0.6543,0.6991,TOPOLOGY-BOUNDED
8,Neutral,TransitionCorridorAnalysis,0.7034,0.643,0.6567,0.6339,0.6271,0.6141,0.643,TOPOLOGY-PARTIAL
12,Neutral,TransitionCorridorAnalysis,0.6068,0.5896,0.596,0.577,0.5572,0.5464,0.5861,TOPOLOGY-PARTIAL
16,Neutral,TransitionCorridorAnalysis,0.5548,0.5324,0.5223,0.5247,0.5034,0.4936,0.5217,TOPOLOGY-DEGRADING
20,Neutral,TransitionCorridorAnalysis,0.4987,0.4786,0.4951,0.4695,0.4636,0.4656,0.4692,TOPOLOGY-DEGRADING
24,Neutral,TransitionCorridorAnalysis,0.4679,0.4481,0.4432,0.4286,0.4316,0.41,0.4308,TOPOLOGY-DEGRADING
32,Neutral,TransitionCorridorAnalysis,0.4069,0.3831,0.3751,0.372,0.3776,0.3598,0.3832,TOPOLOGY-FAILED
40,Neutral,TransitionCorridorAnalysis,0.3482,0.3372,0.3332,0.3322,0.3319,0.3195,0.3206,TOPOLOGY-FAILED
48,Neutral,TransitionCorridorAnalysis,0.3132,0.2919,0.3044,0.2873,0.2886,0.2778,0.2903,TOPOLOGY-FAILED
64,Neutral,TransitionCorridorAnalysis,0.2525,0.2439,0.2419,0.2436,0.2403,0.2302,0.2419,TOPOLOGY-FAILED
80,Neutral,TransitionCorridorAnalysis,0.2136,0.2057,0.2088,0.2005,0.2002,0.1987,0.2066,TOPOLOGY-FAILED
96,Neutral,TransitionCorridorAnalysis,0.1866,0.1811,0.1804,0.1733,0.1739,0.1703,0.1808,TOPOLOGY-FAILED
128,Neutral,TransitionCorridorAnalysis,0.1511,0.1397,0.1412,0.1412,0.1408,0.1348,0.1426,TOPOLOGY-FAILED
160,Neutral,TransitionCorridorAnalysis,0.1237,0.1148,0.1168,0.1151,0.1152,0.1124,0.1151,TOPOLOGY-FAILED
1,Neutral,TopologicalHierarchyExtraction,0.8479,0.8081,0.8354,0.844,0.8142,0.7762,0.7863,TOPOLOGY-CONNECTED
2,Neutral,TopologicalHierarchyExtraction,0.8418,0.8114,0.779,0.7883,0.778,0.7568,0.7944,TOPOLOGY-CONNECTED
4,Neutral,TopologicalHierarchyExtraction,0.7817,0.7393,0.7184,0.7464,0.6998,0.7238,0.7384,TOPOLOGY-BOUNDED
6,Neutral,TopologicalHierarchyExtraction,0.735,0.7069,0.698,0.6772,0.6782,0.6599,0.6888,TOPOLOGY-BOUNDED
8,Neutral,TopologicalHierarchyExtraction,0.6821,0.6638,0.6355,0.6643,0.621,0.6252,0.6499,TOPOLOGY-PARTIAL
12,Neutral,TopologicalHierarchyExtraction,0.607,0.5946,0.5771,0.5821,0.56,0.5557,0.5609,TOPOLOGY-PARTIAL
16,Neutral,TopologicalHierarchyExtraction,0.5557,0.5253,0.5103,0.5265,0.4985,0.4983,0.5188,TOPOLOGY-DEGRADING
20,Neutral,TopologicalHierarchyExtraction,0.4911,0.4839,0.4695,0.4708,0.4702,0.4506,0.4575,TOPOLOGY-DEGRADING
24,Neutral,TopologicalHierarchyExtraction,0.4517,0.4326,0.438,0.4483,0.4189,0.4174,0.43,TOPOLOGY-DEGRADING
32,Neutral,TopologicalHierarchyExtraction,0.4036,0.3732,0.3801,0.3869,0.3656,0.3697,0.3787,TOPOLOGY-FAILED
40,Neutral,TopologicalHierarchyExtraction,0.3502,0.3382,0.3291,0.3353,0.3158,0.3208,0.3249,TOPOLOGY-FAILED
48,Neutral,TopologicalHierarchyExtraction,0.3127,0.3031,0.2887,0.3009,0.2861,0.2911,0.2946,TOPOLOGY-FAILED
64,Neutral,TopologicalHierarchyExtraction,0.2555,0.2436,0.2442,0.2481,0.2323,0.2389,0.2334,TOPOLOGY-FAILED
80,Neutral,TopologicalHierarchyExtraction,0.2176,0.2043,0.2059,0.2033,0.2007,0.1941,0.2049,TOPOLOGY-FAILED
96,Neutral,TopologicalHierarchyExtraction,0.1888,0.1792,0.1748,0.1832,0.1714,0.1719,0.1771,TOPOLOGY-FAILED
128,Neutral,TopologicalHierarchyExtraction,0.1503,0.1411,0.1379,0.1388,0.1331,0.1372,0.1367,TOPOLOGY-FAILED
160,Neutral,TopologicalHierarchyExtraction,0.1242,0.1166,0.1144,0.1153,0.1103,0.1129,0.1157,TOPOLOGY-FAILED
1,Neutral,AttractorNavigationStability,0.8592,0.8212,0.82,0.7894,0.8088,0.7929,0.7888,TOPOLOGY-CONNECTED
2,Neutral,AttractorNavigationStability,0.8249,0.7783,0.7778,0.7952,0.7821,0.7547,0.7573,TOPOLOGY-CONNECTED
4,Neutral,AttractorNavigationStability,0.7806,0.7438,0.7312,0.7203,0.7196,0.6891,0.7054,TOPOLOGY-BOUNDED
6,Neutral,AttractorNavigationStability,0.717,0.705,0.6897,0.6828,0.6891,0.6644,0.6627,TOPOLOGY-BOUNDED
8,Neutral,AttractorNavigationStability,0.6727,0.6556,0.6551,0.6275,0.6458,0.6142,0.6482,TOPOLOGY-BOUNDED
12,Neutral,AttractorNavigationStability,0.591,0.5783,0.5892,0.5555,0.562,0.5471,0.5558,TOPOLOGY-PARTIAL
16,Neutral,AttractorNavigationStability,0.5353,0.5178,0.5127,0.5054,0.5245,0.5074,0.5045,TOPOLOGY-DEGRADING
20,Neutral,AttractorNavigationStability,0.4896,0.4718,0.4661,0.4776,0.4686,0.4513,0.4649,TOPOLOGY-DEGRADING
24,Neutral,AttractorNavigationStability,0.4545,0.4497,0.4367,0.4213,0.4425,0.4153,0.4313,TOPOLOGY-DEGRADING
32,Neutral,AttractorNavigationStability,0.4007,0.3794,0.3809,0.3723,0.3673,0.3563,0.3789,TOPOLOGY-FAILED
40,Neutral,AttractorNavigationStability,0.342,0.3403,0.3234,0.3311,0.3322,0.3216,0.3323,TOPOLOGY-FAILED
48,Neutral,AttractorNavigationStability,0.3109,0.3002,0.2893,0.2947,0.2876,0.2878,0.2954,TOPOLOGY-FAILED
64,Neutral,AttractorNavigationStability,0.2481,0.2422,0.237,0.233,0.235,0.2311,0.238,TOPOLOGY-FAILED
80,Neutral,AttractorNavigationStability,0.2186,0.2077,0.2077,0.2002,0.2079,0.1963,0.2015,TOPOLOGY-FAILED
96,Neutral,AttractorNavigationStability,0.1855,0.18,0.1747,0.1747,0.1737,0.1727,0.1734,TOPOLOGY-FAILED
128,Neutral,AttractorNavigationStability,0.1496,0.1446,0.1387,0.1393,0.1385,0.1358,0.1357,TOPOLOGY-FAILED
160,Neutral,AttractorNavigationStability,0.1195,0.1187,0.1162,0.1131,0.1181,0.1095,0.114,TOPOLOGY-FAILED
1,Neutral,BasinMergerSplittingDynamics,0.8334,0.8281,0.8305,0.8163,0.7793,0.8112,0.793,TOPOLOGY-CONNECTED
2,Neutral,BasinMergerSplittingDynamics,0.8223,0.8016,0.7786,0.7628,0.7666,0.7686,0.7845,TOPOLOGY-CONNECTED
4,Neutral,BasinMergerSplittingDynamics,0.7475,0.7491,0.7234,0.7306,0.7153,0.7408,0.7367,TOPOLOGY-BOUNDED
6,Neutral,BasinMergerSplittingDynamics,0.7033,0.702,0.6732,0.6613,0.6793,0.6681,0.6765,TOPOLOGY-BOUNDED
8,Neutral,BasinMergerSplittingDynamics,0.6867,0.6662,0.6327,0.6216,0.6344,0.6412,0.6419,TOPOLOGY-PARTIAL
12,Neutral,BasinMergerSplittingDynamics,0.5924,0.5984,0.5761,0.5613,0.5748,0.5636,0.5571,TOPOLOGY-PARTIAL
16,Neutral,BasinMergerSplittingDynamics,0.5405,0.5279,0.5153,0.5189,0.4966,0.5107,0.5216,TOPOLOGY-DEGRADING
20,Neutral,BasinMergerSplittingDynamics,0.4991,0.4793,0.4636,0.4794,0.4611,0.4612,0.4646,TOPOLOGY-DEGRADING
24,Neutral,BasinMergerSplittingDynamics,0.4542,0.4356,0.4299,0.4395,0.4161,0.4265,0.4206,TOPOLOGY-DEGRADING
32,Neutral,BasinMergerSplittingDynamics,0.3817,0.3921,0.3836,0.3634,0.3713,0.3631,0.3643,TOPOLOGY-FAILED
40,Neutral,BasinMergerSplittingDynamics,0.3493,0.3369,0.3318,0.3267,0.314,0.3211,0.3167,TOPOLOGY-FAILED
48,Neutral,BasinMergerSplittingDynamics,0.2992,0.3045,0.2916,0.2928,0.2831,0.2882,0.2927,TOPOLOGY-FAILED
64,Neutral,BasinMergerSplittingDynamics,0.2532,0.2485,0.2434,0.2394,0.2314,0.234,0.2327,TOPOLOGY-FAILED
80,Neutral,BasinMergerSplittingDynamics,0.2142,0.2047,0.201,0.2055,0.1971,0.2054,0.2057,TOPOLOGY-FAILED
96,Neutral,BasinMergerSplittingDynamics,0.1808,0.183,0.1797,0.1721,0.1739,0.1753,0.1708,TOPOLOGY-FAILED
128,Neutral,BasinMergerSplittingDynamics,0.1449,0.1432,0.1401,0.1377,0.1376,0.1358,0.1367,TOPOLOGY-FAILED
160,Neutral,BasinMergerSplittingDynamics,0.1233,0.1186,0.1141,0.1166,0.1154,0.1138,0.1149,TOPOLOGY-FAILED
1,Neutral,PerturbationCorridorRecovery,0.8594,0.8271,0.8272,0.7927,0.8213,0.7812,0.7898,TOPOLOGY-CONNECTED
2,Neutral,PerturbationCorridorRecovery,0.8147,0.802,0.7863,0.7557,0.7733,0.7397,0.7596,TOPOLOGY-CONNECTED
4,Neutral,PerturbationCorridorRecovery,0.7463,0.7435,0.7383,0.7135,0.7241,0.7041,0.7353,TOPOLOGY-BOUNDED
6,Neutral,PerturbationCorridorRecovery,0.7217,0.6688,0.6941,0.6837,0.6849,0.6511,0.671,TOPOLOGY-BOUNDED
8,Neutral,PerturbationCorridorRecovery,0.6572,0.6582,0.6584,0.6284,0.6511,0.6103,0.6382,TOPOLOGY-BOUNDED
12,Neutral,PerturbationCorridorRecovery,0.5853,0.5826,0.5759,0.5481,0.5582,0.5382,0.5785,TOPOLOGY-PARTIAL
16,Neutral,PerturbationCorridorRecovery,0.5271,0.5303,0.5125,0.4984,0.517,0.499,0.506,TOPOLOGY-DEGRADING
20,Neutral,PerturbationCorridorRecovery,0.4803,0.4766,0.478,0.4534,0.4745,0.4504,0.4724,TOPOLOGY-DEGRADING
24,Neutral,PerturbationCorridorRecovery,0.4593,0.429,0.4455,0.4247,0.4269,0.4216,0.4207,TOPOLOGY-DEGRADING
32,Neutral,PerturbationCorridorRecovery,0.3935,0.3655,0.3779,0.3642,0.3633,0.3523,0.3698,TOPOLOGY-FAILED
40,Neutral,PerturbationCorridorRecovery,0.347,0.3325,0.3239,0.3243,0.3176,0.3073,0.3171,TOPOLOGY-FAILED
48,Neutral,PerturbationCorridorRecovery,0.3034,0.2989,0.2985,0.2854,0.2874,0.2823,0.2963,TOPOLOGY-FAILED
64,Neutral,PerturbationCorridorRecovery,0.2446,0.2438,0.2396,0.2364,0.2331,0.2235,0.2422,TOPOLOGY-FAILED
80,Neutral,PerturbationCorridorRecovery,0.2152,0.2068,0.2066,0.2017,0.2038,0.1913,0.2,TOPOLOGY-FAILED
96,Neutral,PerturbationCorridorRecovery,0.187,0.1748,0.1728,0.1767,0.1749,0.1662,0.1753,TOPOLOGY-FAILED
128,Neutral,PerturbationCorridorRecovery,0.1419,0.139,0.1399,0.1358,0.1411,0.1299,0.1354,TOPOLOGY-FAILED
160,Neutral,PerturbationCorridorRecovery,0.1195,0.1164,0.1146,0.1145,0.117,0.1097,0.1169,TOPOLOGY-FAILED
1,Neutral,NullTopologyControl,0.6524,0.6605,0.6358,0.6599,0.6146,0.6143,0.6262,TOPOLOGY-PARTIAL
2,Neutral,NullTopologyControl,0.6237,0.621,0.6137,0.6417,0.6157,0.6035,0.6053,TOPOLOGY-PARTIAL
4,Neutral,NullTopologyControl,0.6106,0.6048,0.5915,0.6027,0.5781,0.5676,0.5727,TOPOLOGY-PARTIAL
6,Neutral,NullTopologyControl,0.5569,0.5376,0.5568,0.5546,0.5255,0.5066,0.5492,TOPOLOGY-DEGRADING
8,Neutral,NullTopologyControl,0.5074,0.5054,0.507,0.5261,0.4921,0.4712,0.5176,TOPOLOGY-DEGRADING
12,Neutral,NullTopologyControl,0.4724,0.4494,0.4677,0.467,0.4452,0.4374,0.4491,TOPOLOGY-DEGRADING
16,Neutral,NullTopologyControl,0.412,0.4152,0.4013,0.4062,0.4033,0.3921,0.4162,TOPOLOGY-DEGRADING
20,Neutral,NullTopologyControl,0.3925,0.3775,0.3754,0.386,0.3622,0.3632,0.3597,TOPOLOGY-FAILED
24,Neutral,NullTopologyControl,0.357,0.349,0.336,0.3529,0.3435,0.3359,0.3421,TOPOLOGY-FAILED
32,Neutral,NullTopologyControl,0.3075,0.2944,0.3002,0.3053,0.2817,0.2743,0.2977,TOPOLOGY-FAILED
40,Neutral,NullTopologyControl,0.274,0.2596,0.2609,0.2602,0.2474,0.2421,0.2484,TOPOLOGY-FAILED
48,Neutral,NullTopologyControl,0.2426,0.2317,0.2378,0.2293,0.2175,0.2173,0.23,TOPOLOGY-FAILED
64,Neutral,NullTopologyControl,0.1905,0.1896,0.1902,0.1934,0.1863,0.1829,0.1852,TOPOLOGY-FAILED
80,Neutral,NullTopologyControl,0.1676,0.1603,0.1613,0.159,0.1539,0.1519,0.162,TOPOLOGY-FAILED
96,Neutral,NullTopologyControl,0.1467,0.1402,0.1386,0.1407,0.1315,0.135,0.1353,TOPOLOGY-FAILED
128,Neutral,NullTopologyControl,0.1147,0.1092,0.1117,0.1145,0.1093,0.1074,0.1124,TOPOLOGY-FAILED
160,Neutral,NullTopologyControl,0.0964,0.0925,0.092,0.0948,0.0867,0.0857,0.0913,TOPOLOGY-FAILED
1,Projection-Antisymmetry,BasinConnectivityMapping,0.8692,0.8265,0.8145,0.787,0.8097,0.8089,0.8042,TOPOLOGY-CONNECTED
2,Projection-Antisymmetry,BasinConnectivityMapping,0.8532,0.8163,0.7873,0.7625,0.752,0.7724,0.7681,TOPOLOGY-CONNECTED
4,Projection-Antisymmetry,BasinConnectivityMapping,0.7712,0.7334,0.7431,0.7328,0.7262,0.7003,0.7078,TOPOLOGY-BOUNDED
6,Projection-Antisymmetry,BasinConnectivityMapping,0.7186,0.7033,0.6866,0.6844,0.6657,0.662,0.6933,TOPOLOGY-BOUNDED
8,Projection-Antisymmetry,BasinConnectivityMapping,0.6845,0.6713,0.6401,0.6495,0.6249,0.6136,0.6227,TOPOLOGY-PARTIAL
12,Projection-Antisymmetry,BasinConnectivityMapping,0.6026,0.5951,0.5741,0.5803,0.5687,0.5583,0.5603,TOPOLOGY-PARTIAL
16,Projection-Antisymmetry,BasinConnectivityMapping,0.5488,0.5221,0.5191,0.5125,0.4994,0.5015,0.5114,TOPOLOGY-DEGRADING
20,Projection-Antisymmetry,BasinConnectivityMapping,0.4956,0.4872,0.4694,0.4681,0.4698,0.467,0.4724,TOPOLOGY-DEGRADING
24,Projection-Antisymmetry,BasinConnectivityMapping,0.4727,0.4405,0.4388,0.4253,0.4304,0.4277,0.4379,TOPOLOGY-DEGRADING
32,Projection-Antisymmetry,BasinConnectivityMapping,0.3953,0.3788,0.378,0.3647,0.3577,0.3718,0.372,TOPOLOGY-FAILED
40,Projection-Antisymmetry,BasinConnectivityMapping,0.3419,0.3407,0.3308,0.3205,0.3224,0.3238,0.3321,TOPOLOGY-FAILED
48,Projection-Antisymmetry,BasinConnectivityMapping,0.3181,0.2943,0.3018,0.2931,0.2819,0.2794,0.2821,TOPOLOGY-FAILED
64,Projection-Antisymmetry,BasinConnectivityMapping,0.2608,0.2407,0.2479,0.2327,0.2341,0.233,0.2396,TOPOLOGY-FAILED
80,Projection-Antisymmetry,BasinConnectivityMapping,0.2156,0.2119,0.2103,0.2039,0.202,0.1944,0.2042,TOPOLOGY-FAILED
96,Projection-Antisymmetry,BasinConnectivityMapping,0.1859,0.1782,0.1761,0.1744,0.174,0.1709,0.1756,TOPOLOGY-FAILED
128,Projection-Antisymmetry,BasinConnectivityMapping,0.1518,0.1448,0.1396,0.1392,0.1357,0.1353,0.1408,TOPOLOGY-FAILED
160,Projection-Antisymmetry,BasinConnectivityMapping,0.124,0.1176,0.1156,0.1131,0.1127,0.1143,0.1128,TOPOLOGY-FAILED
1,Projection-Antisymmetry,TransitionCorridorAnalysis,0.8656,0.8111,0.8357,0.8179,0.8242,0.7786,0.7981,TOPOLOGY-CONNECTED
2,Projection-Antisymmetry,TransitionCorridorAnalysis,0.8432,0.8131,0.8155,0.7772,0.7872,0.7681,0.7976,TOPOLOGY-CONNECTED
4,Projection-Antisymmetry,TransitionCorridorAnalysis,0.7825,0.7437,0.7505,0.7282,0.7212,0.7126,0.738,TOPOLOGY-BOUNDED
6,Projection-Antisymmetry,TransitionCorridorAnalysis,0.723,0.6881,0.6888,0.6944,0.6918,0.6566,0.6864,TOPOLOGY-BOUNDED
8,Projection-Antisymmetry,TransitionCorridorAnalysis,0.6854,0.6642,0.6719,0.6535,0.6238,0.6068,0.6473,TOPOLOGY-BOUNDED
12,Projection-Antisymmetry,TransitionCorridorAnalysis,0.606,0.5756,0.5922,0.5782,0.5821,0.5651,0.5776,TOPOLOGY-PARTIAL
16,Projection-Antisymmetry,TransitionCorridorAnalysis,0.5487,0.5374,0.5303,0.5146,0.5037,0.5054,0.5173,TOPOLOGY-DEGRADING
20,Projection-Antisymmetry,TransitionCorridorAnalysis,0.4945,0.4907,0.4905,0.4782,0.4774,0.4508,0.4851,TOPOLOGY-DEGRADING
24,Projection-Antisymmetry,TransitionCorridorAnalysis,0.4559,0.4395,0.4389,0.4438,0.4233,0.4223,0.4307,TOPOLOGY-DEGRADING
32,Projection-Antisymmetry,TransitionCorridorAnalysis,0.3981,0.3712,0.3761,0.3682,0.3686,0.3675,0.3829,TOPOLOGY-FAILED
40,Projection-Antisymmetry,TransitionCorridorAnalysis,0.3462,0.3378,0.3336,0.3333,0.3269,0.3209,0.323,TOPOLOGY-FAILED
48,Projection-Antisymmetry,TransitionCorridorAnalysis,0.3152,0.2983,0.3067,0.2944,0.2849,0.2816,0.2984,TOPOLOGY-FAILED
64,Projection-Antisymmetry,TransitionCorridorAnalysis,0.2514,0.2391,0.2416,0.2395,0.2414,0.2301,0.2356,TOPOLOGY-FAILED
80,Projection-Antisymmetry,TransitionCorridorAnalysis,0.2193,0.2074,0.2084,0.2024,0.2043,0.1932,0.2028,TOPOLOGY-FAILED
96,Projection-Antisymmetry,TransitionCorridorAnalysis,0.1896,0.1816,0.1826,0.1799,0.1787,0.1667,0.1754,TOPOLOGY-FAILED
128,Projection-Antisymmetry,TransitionCorridorAnalysis,0.1476,0.1412,0.141,0.1396,0.1382,0.1347,0.1381,TOPOLOGY-FAILED
160,Projection-Antisymmetry,TransitionCorridorAnalysis,0.1211,0.1148,0.1198,0.115,0.1169,0.1115,0.1155,TOPOLOGY-FAILED
1,Projection-Antisymmetry,TopologicalHierarchyExtraction,0.8673,0.8087,0.8035,0.8276,0.8141,0.8063,0.8226,TOPOLOGY-CONNECTED
2,Projection-Antisymmetry,TopologicalHierarchyExtraction,0.8316,0.7857,0.8008,0.8098,0.7733,0.7672,0.7569,TOPOLOGY-CONNECTED
4,Projection-Antisymmetry,TopologicalHierarchyExtraction,0.7669,0.7451,0.724,0.7344,0.7202,0.7164,0.7222,TOPOLOGY-BOUNDED
6,Projection-Antisymmetry,TopologicalHierarchyExtraction,0.7304,0.7005,0.6985,0.7026,0.6649,0.6615,0.6835,TOPOLOGY-BOUNDED
8,Projection-Antisymmetry,TopologicalHierarchyExtraction,0.6837,0.6382,0.6441,0.6553,0.6126,0.6357,0.6483,TOPOLOGY-PARTIAL
12,Projection-Antisymmetry,TopologicalHierarchyExtraction,0.605,0.5926,0.5685,0.5944,0.5635,0.5504,0.5701,TOPOLOGY-PARTIAL
16,Projection-Antisymmetry,TopologicalHierarchyExtraction,0.5611,0.5194,0.518,0.514,0.5195,0.5042,0.5088,TOPOLOGY-DEGRADING
20,Projection-Antisymmetry,TopologicalHierarchyExtraction,0.4987,0.4736,0.4788,0.4849,0.4507,0.4582,0.4674,TOPOLOGY-DEGRADING
24,Projection-Antisymmetry,TopologicalHierarchyExtraction,0.4605,0.4358,0.4302,0.4464,0.4235,0.4231,0.4389,TOPOLOGY-DEGRADING
32,Projection-Antisymmetry,TopologicalHierarchyExtraction,0.4034,0.3738,0.3755,0.3819,0.3685,0.37,0.3615,TOPOLOGY-FAILED
40,Projection-Antisymmetry,TopologicalHierarchyExtraction,0.341,0.3297,0.323,0.3247,0.322,0.3258,0.3171,TOPOLOGY-FAILED
48,Projection-Antisymmetry,TopologicalHierarchyExtraction,0.3057,0.2898,0.292,0.3025,0.281,0.2796,0.2952,TOPOLOGY-FAILED
64,Projection-Antisymmetry,TopologicalHierarchyExtraction,0.2505,0.24,0.246,0.243,0.2325,0.2337,0.2353,TOPOLOGY-FAILED
80,Projection-Antisymmetry,TopologicalHierarchyExtraction,0.2198,0.203,0.2049,0.2028,0.1974,0.1994,0.2018,TOPOLOGY-FAILED
96,Projection-Antisymmetry,TopologicalHierarchyExtraction,0.1833,0.1799,0.1772,0.1785,0.1757,0.1761,0.1744,TOPOLOGY-FAILED
128,Projection-Antisymmetry,TopologicalHierarchyExtraction,0.1503,0.1434,0.1391,0.1416,0.134,0.1349,0.1361,TOPOLOGY-FAILED
160,Projection-Antisymmetry,TopologicalHierarchyExtraction,0.1211,0.1191,0.1135,0.1183,0.1105,0.1137,0.1168,TOPOLOGY-FAILED
1,Projection-Antisymmetry,AttractorNavigationStability,0.8478,0.8306,0.8277,0.8196,0.8244,0.7819,0.7992,TOPOLOGY-CONNECTED
2,Projection-Antisymmetry,AttractorNavigationStability,0.806,0.7962,0.7778,0.786,0.8037,0.7377,0.7904,TOPOLOGY-CONNECTED
4,Projection-Antisymmetry,AttractorNavigationStability,0.7653,0.7348,0.7294,0.7143,0.7208,0.7212,0.7346,TOPOLOGY-BOUNDED
6,Projection-Antisymmetry,AttractorNavigationStability,0.7102,0.6797,0.6752,0.6849,0.6787,0.6672,0.6624,TOPOLOGY-BOUNDED
8,Projection-Antisymmetry,AttractorNavigationStability,0.6634,0.6633,0.6392,0.6411,0.6535,0.6137,0.6365,TOPOLOGY-PARTIAL
12,Projection-Antisymmetry,AttractorNavigationStability,0.5941,0.5855,0.5698,0.5813,0.568,0.5532,0.5555,TOPOLOGY-PARTIAL
16,Projection-Antisymmetry,AttractorNavigationStability,0.536,0.5324,0.5179,0.5084,0.5317,0.5008,0.5006,TOPOLOGY-DEGRADING
20,Projection-Antisymmetry,AttractorNavigationStability,0.508,0.4895,0.4799,0.4654,0.4644,0.4638,0.4745,TOPOLOGY-DEGRADING
24,Projection-Antisymmetry,AttractorNavigationStability,0.4563,0.4421,0.4265,0.4239,0.4251,0.4146,0.4387,TOPOLOGY-DEGRADING
32,Projection-Antisymmetry,AttractorNavigationStability,0.3867,0.3792,0.3831,0.3622,0.3724,0.3626,0.3633,TOPOLOGY-FAILED
40,Projection-Antisymmetry,AttractorNavigationStability,0.3393,0.3318,0.325,0.3176,0.3332,0.3187,0.3198,TOPOLOGY-FAILED
48,Projection-Antisymmetry,AttractorNavigationStability,0.3125,0.297,0.2915,0.2911,0.2932,0.2812,0.2875,TOPOLOGY-FAILED
64,Projection-Antisymmetry,AttractorNavigationStability,0.2524,0.2468,0.2353,0.2384,0.2379,0.2343,0.2358,TOPOLOGY-FAILED
80,Projection-Antisymmetry,AttractorNavigationStability,0.2119,0.2055,0.2031,0.1978,0.2083,0.1971,0.1987,TOPOLOGY-FAILED
96,Projection-Antisymmetry,AttractorNavigationStability,0.1884,0.1748,0.1775,0.1711,0.1768,0.1742,0.1769,TOPOLOGY-FAILED
128,Projection-Antisymmetry,AttractorNavigationStability,0.1488,0.1405,0.142,0.1409,0.1428,0.134,0.1374,TOPOLOGY-FAILED
160,Projection-Antisymmetry,AttractorNavigationStability,0.1203,0.1166,0.1181,0.1145,0.1185,0.1106,0.1133,TOPOLOGY-FAILED
1,Projection-Antisymmetry,BasinMergerSplittingDynamics,0.8435,0.8395,0.7964,0.819,0.7816,0.7951,0.7882,TOPOLOGY-CONNECTED
2,Projection-Antisymmetry,BasinMergerSplittingDynamics,0.8384,0.8138,0.7776,0.7692,0.776,0.777,0.7938,TOPOLOGY-CONNECTED
4,Projection-Antisymmetry,BasinMergerSplittingDynamics,0.7747,0.7504,0.7472,0.72,0.7206,0.7102,0.709,TOPOLOGY-BOUNDED
6,Projection-Antisymmetry,BasinMergerSplittingDynamics,0.7272,0.7131,0.673,0.6889,0.6818,0.6824,0.6935,TOPOLOGY-BOUNDED
8,Projection-Antisymmetry,BasinMergerSplittingDynamics,0.6699,0.6592,0.6494,0.6509,0.6319,0.6257,0.6505,TOPOLOGY-PARTIAL
12,Projection-Antisymmetry,BasinMergerSplittingDynamics,0.5926,0.5914,0.5813,0.5696,0.5621,0.562,0.5551,TOPOLOGY-PARTIAL
16,Projection-Antisymmetry,BasinMergerSplittingDynamics,0.5461,0.532,0.5178,0.5063,0.5085,0.5027,0.5128,TOPOLOGY-DEGRADING
20,Projection-Antisymmetry,BasinMergerSplittingDynamics,0.4832,0.4932,0.4665,0.4774,0.4702,0.4731,0.4584,TOPOLOGY-DEGRADING
24,Projection-Antisymmetry,BasinMergerSplittingDynamics,0.451,0.4364,0.4275,0.4249,0.4268,0.4193,0.4288,TOPOLOGY-DEGRADING
32,Projection-Antisymmetry,BasinMergerSplittingDynamics,0.3953,0.3835,0.3771,0.3636,0.3604,0.3611,0.3749,TOPOLOGY-FAILED
40,Projection-Antisymmetry,BasinMergerSplittingDynamics,0.3402,0.3329,0.3264,0.3258,0.3246,0.3301,0.3248,TOPOLOGY-FAILED
48,Projection-Antisymmetry,BasinMergerSplittingDynamics,0.3059,0.3053,0.2907,0.2955,0.2882,0.2836,0.2906,TOPOLOGY-FAILED
64,Projection-Antisymmetry,BasinMergerSplittingDynamics,0.2492,0.2435,0.2405,0.2322,0.2343,0.2418,0.2394,TOPOLOGY-FAILED
80,Projection-Antisymmetry,BasinMergerSplittingDynamics,0.2088,0.2043,0.2026,0.2038,0.202,0.2004,0.2054,TOPOLOGY-FAILED
96,Projection-Antisymmetry,BasinMergerSplittingDynamics,0.1806,0.1851,0.1805,0.1737,0.1718,0.1757,0.1727,TOPOLOGY-FAILED
128,Projection-Antisymmetry,BasinMergerSplittingDynamics,0.1494,0.1464,0.1383,0.137,0.1399,0.1401,0.1353,TOPOLOGY-FAILED
160,Projection-Antisymmetry,BasinMergerSplittingDynamics,0.122,0.1199,0.1136,0.1158,0.1127,0.1164,0.1123,TOPOLOGY-FAILED
1,Projection-Antisymmetry,PerturbationCorridorRecovery,0.8532,0.8297,0.8258,0.7991,0.8029,0.7684,0.7975,TOPOLOGY-CONNECTED
2,Projection-Antisymmetry,PerturbationCorridorRecovery,0.8236,0.7827,0.7671,0.7507,0.7714,0.7381,0.763,TOPOLOGY-CONNECTED
4,Projection-Antisymmetry,PerturbationCorridorRecovery,0.7584,0.7296,0.7214,0.6998,0.7181,0.6906,0.7342,TOPOLOGY-BOUNDED
6,Projection-Antisymmetry,PerturbationCorridorRecovery,0.6998,0.6771,0.6959,0.6719,0.6763,0.6481,0.6689,TOPOLOGY-BOUNDED
8,Projection-Antisymmetry,PerturbationCorridorRecovery,0.6615,0.6536,0.6359,0.6255,0.6433,0.5995,0.6457,TOPOLOGY-PARTIAL
12,Projection-Antisymmetry,PerturbationCorridorRecovery,0.5886,0.5825,0.5783,0.5699,0.5806,0.556,0.5727,TOPOLOGY-PARTIAL
16,Projection-Antisymmetry,PerturbationCorridorRecovery,0.5286,0.5241,0.5176,0.5117,0.5229,0.4991,0.5028,TOPOLOGY-DEGRADING
20,Projection-Antisymmetry,PerturbationCorridorRecovery,0.4849,0.4835,0.4645,0.4731,0.4689,0.4544,0.4686,TOPOLOGY-DEGRADING
24,Projection-Antisymmetry,PerturbationCorridorRecovery,0.4539,0.4375,0.4416,0.4245,0.4364,0.4066,0.4272,TOPOLOGY-DEGRADING
32,Projection-Antisymmetry,PerturbationCorridorRecovery,0.383,0.3708,0.3725,0.3588,0.3703,0.3596,0.378,TOPOLOGY-FAILED
40,Projection-Antisymmetry,PerturbationCorridorRecovery,0.3371,0.3345,0.3345,0.3231,0.3196,0.3205,0.3191,TOPOLOGY-FAILED
48,Projection-Antisymmetry,PerturbationCorridorRecovery,0.3039,0.2885,0.2959,0.2911,0.2838,0.275,0.2864,TOPOLOGY-FAILED
64,Projection-Antisymmetry,PerturbationCorridorRecovery,0.2527,0.2372,0.2433,0.238,0.2425,0.2243,0.2359,TOPOLOGY-FAILED
80,Projection-Antisymmetry,PerturbationCorridorRecovery,0.2134,0.2046,0.2052,0.2008,0.2009,0.1924,0.1974,TOPOLOGY-FAILED
96,Projection-Antisymmetry,PerturbationCorridorRecovery,0.1825,0.1737,0.1768,0.1719,0.1778,0.167,0.1777,TOPOLOGY-FAILED
128,Projection-Antisymmetry,PerturbationCorridorRecovery,0.1484,0.1366,0.1434,0.1381,0.1353,0.1323,0.1407,TOPOLOGY-FAILED
160,Projection-Antisymmetry,PerturbationCorridorRecovery,0.1178,0.1173,0.1157,0.1111,0.117,0.11,0.1154,TOPOLOGY-FAILED
1,Projection-Antisymmetry,NullTopologyControl,0.6412,0.6379,0.6381,0.6397,0.6113,0.6043,0.6254,TOPOLOGY-PARTIAL
2,Projection-Antisymmetry,NullTopologyControl,0.6403,0.6391,0.6247,0.6432,0.5897,0.6114,0.628,TOPOLOGY-PARTIAL
4,Projection-Antisymmetry,NullTopologyControl,0.5947,0.5928,0.5703,0.5983,0.5656,0.5601,0.5861,TOPOLOGY-PARTIAL
6,Projection-Antisymmetry,NullTopologyControl,0.5456,0.5541,0.5283,0.5617,0.5195,0.5174,0.5179,TOPOLOGY-DEGRADING
8,Projection-Antisymmetry,NullTopologyControl,0.5156,0.5289,0.5126,0.5082,0.4826,0.4714,0.4949,TOPOLOGY-DEGRADING
12,Projection-Antisymmetry,NullTopologyControl,0.4709,0.4703,0.4605,0.4622,0.4282,0.447,0.4496,TOPOLOGY-DEGRADING
16,Projection-Antisymmetry,NullTopologyControl,0.4187,0.4111,0.4058,0.4252,0.405,0.3997,0.4034,TOPOLOGY-DEGRADING
20,Projection-Antisymmetry,NullTopologyControl,0.3879,0.3862,0.3849,0.381,0.3598,0.3624,0.3738,TOPOLOGY-FAILED
24,Projection-Antisymmetry,NullTopologyControl,0.3555,0.3432,0.3515,0.3596,0.3395,0.3327,0.332,TOPOLOGY-FAILED
32,Projection-Antisymmetry,NullTopologyControl,0.3021,0.2978,0.2899,0.2923,0.2887,0.2905,0.3001,TOPOLOGY-FAILED
40,Projection-Antisymmetry,NullTopologyControl,0.2699,0.2619,0.2526,0.2628,0.2454,0.2474,0.2535,TOPOLOGY-FAILED
48,Projection-Antisymmetry,NullTopologyControl,0.2312,0.2398,0.2295,0.231,0.2309,0.2212,0.2314,TOPOLOGY-FAILED
64,Projection-Antisymmetry,NullTopologyControl,0.1984,0.1988,0.1865,0.1881,0.1793,0.1762,0.1898,TOPOLOGY-FAILED
80,Projection-Antisymmetry,NullTopologyControl,0.1651,0.1644,0.1657,0.1612,0.1565,0.15,0.1549,TOPOLOGY-FAILED
96,Projection-Antisymmetry,NullTopologyControl,0.1469,0.143,0.1369,0.1456,0.1382,0.1303,0.134,TOPOLOGY-FAILED
128,Projection-Antisymmetry,NullTopologyControl,0.1113,0.1094,0.1131,0.1112,0.1088,0.1078,0.1109,TOPOLOGY-FAILED
160,Projection-Antisymmetry,NullTopologyControl,0.0915,0.0952,0.0891,0.0923,0.0865,0.0898,0.0889,TOPOLOGY-FAILED
1,Projection-Neutral,BasinConnectivityMapping,0.8703,0.8459,0.8106,0.7951,0.7873,0.794,0.7907,TOPOLOGY-CONNECTED
2,Projection-Neutral,BasinConnectivityMapping,0.8512,0.7916,0.7785,0.7952,0.7727,0.7797,0.7626,TOPOLOGY-CONNECTED
4,Projection-Neutral,BasinConnectivityMapping,0.762,0.7376,0.7244,0.7153,0.7134,0.7065,0.7397,TOPOLOGY-BOUNDED
6,Projection-Neutral,BasinConnectivityMapping,0.736,0.7009,0.6925,0.6843,0.6761,0.6617,0.6915,TOPOLOGY-BOUNDED
8,Projection-Neutral,BasinConnectivityMapping,0.6813,0.6472,0.6608,0.6381,0.6138,0.6383,0.6331,TOPOLOGY-PARTIAL
12,Projection-Neutral,BasinConnectivityMapping,0.6176,0.5753,0.5861,0.575,0.5577,0.5471,0.5645,TOPOLOGY-PARTIAL
16,Projection-Neutral,BasinConnectivityMapping,0.5546,0.5421,0.5343,0.5066,0.5057,0.5083,0.5181,TOPOLOGY-DEGRADING
20,Projection-Neutral,BasinConnectivityMapping,0.5098,0.4831,0.4736,0.4736,0.4546,0.4556,0.4687,TOPOLOGY-DEGRADING
24,Projection-Neutral,BasinConnectivityMapping,0.4542,0.442,0.4386,0.4394,0.4306,0.4321,0.4379,TOPOLOGY-DEGRADING
32,Projection-Neutral,BasinConnectivityMapping,0.3995,0.3882,0.3826,0.3655,0.3662,0.3644,0.3652,TOPOLOGY-FAILED
40,Projection-Neutral,BasinConnectivityMapping,0.3411,0.3432,0.3304,0.3173,0.3255,0.3249,0.3322,TOPOLOGY-FAILED
48,Projection-Neutral,BasinConnectivityMapping,0.3117,0.2959,0.3008,0.2906,0.2873,0.2886,0.2885,TOPOLOGY-FAILED
64,Projection-Neutral,BasinConnectivityMapping,0.2587,0.2445,0.2432,0.2383,0.2319,0.2353,0.2356,TOPOLOGY-FAILED
80,Projection-Neutral,BasinConnectivityMapping,0.2157,0.2132,0.2073,0.2019,0.1951,0.1962,0.2056,TOPOLOGY-FAILED
96,Projection-Neutral,BasinConnectivityMapping,0.1899,0.1775,0.1754,0.1721,0.1735,0.1703,0.1788,TOPOLOGY-FAILED
128,Projection-Neutral,BasinConnectivityMapping,0.1491,0.1406,0.1404,0.1398,0.1374,0.1336,0.1385,TOPOLOGY-FAILED
160,Projection-Neutral,BasinConnectivityMapping,0.1237,0.1161,0.1158,0.1159,0.1122,0.1158,0.1146,TOPOLOGY-FAILED
1,Projection-Neutral,TransitionCorridorAnalysis,0.8602,0.8077,0.847,0.8356,0.7888,0.7827,0.8211,TOPOLOGY-CONNECTED
2,Projection-Neutral,TransitionCorridorAnalysis,0.83,0.8092,0.7882,0.7814,0.7825,0.7538,0.7828,TOPOLOGY-CONNECTED
4,Projection-Neutral,TransitionCorridorAnalysis,0.7991,0.7436,0.7512,0.718,0.7119,0.6941,0.7431,TOPOLOGY-BOUNDED
6,Projection-Neutral,TransitionCorridorAnalysis,0.7426,0.688,0.687,0.6688,0.6873,0.6645,0.6709,TOPOLOGY-BOUNDED
8,Projection-Neutral,TransitionCorridorAnalysis,0.6968,0.6421,0.6692,0.6353,0.6279,0.6148,0.6478,TOPOLOGY-PARTIAL
12,Projection-Neutral,TransitionCorridorAnalysis,0.608,0.586,0.5858,0.5854,0.5794,0.5503,0.5681,TOPOLOGY-PARTIAL
16,Projection-Neutral,TransitionCorridorAnalysis,0.5451,0.5273,0.5286,0.5171,0.5235,0.5046,0.5176,TOPOLOGY-DEGRADING
20,Projection-Neutral,TransitionCorridorAnalysis,0.5145,0.4698,0.4957,0.482,0.4602,0.4507,0.4692,TOPOLOGY-DEGRADING
24,Projection-Neutral,TransitionCorridorAnalysis,0.4713,0.448,0.4405,0.4455,0.427,0.4284,0.4309,TOPOLOGY-DEGRADING
32,Projection-Neutral,TransitionCorridorAnalysis,0.3929,0.3853,0.3869,0.3706,0.371,0.3518,0.3801,TOPOLOGY-FAILED
40,Projection-Neutral,TransitionCorridorAnalysis,0.3568,0.3376,0.3371,0.3275,0.3169,0.3115,0.329,TOPOLOGY-FAILED
48,Projection-Neutral,TransitionCorridorAnalysis,0.3078,0.2908,0.3045,0.2907,0.2883,0.2761,0.293,TOPOLOGY-FAILED
64,Projection-Neutral,TransitionCorridorAnalysis,0.2606,0.2443,0.2488,0.2459,0.2363,0.2348,0.2391,TOPOLOGY-FAILED
80,Projection-Neutral,TransitionCorridorAnalysis,0.213,0.2031,0.2138,0.2057,0.2035,0.201,0.2069,TOPOLOGY-FAILED
96,Projection-Neutral,TransitionCorridorAnalysis,0.1922,0.1828,0.1769,0.1792,0.1785,0.1684,0.1796,TOPOLOGY-FAILED
128,Projection-Neutral,TransitionCorridorAnalysis,0.1497,0.1446,0.1413,0.1391,0.1386,0.1351,0.1432,TOPOLOGY-FAILED
160,Projection-Neutral,TransitionCorridorAnalysis,0.1238,0.1176,0.1159,0.1161,0.1139,0.1108,0.1144,TOPOLOGY-FAILED
1,Projection-Neutral,TopologicalHierarchyExtraction,0.8755,0.8245,0.8077,0.8215,0.8147,0.7884,0.8183,TOPOLOGY-CONNECTED
2,Projection-Neutral,TopologicalHierarchyExtraction,0.8138,0.8046,0.7945,0.8031,0.7538,0.7577,0.7883,TOPOLOGY-CONNECTED
4,Projection-Neutral,TopologicalHierarchyExtraction,0.7838,0.7559,0.739,0.7456,0.7166,0.7105,0.7288,TOPOLOGY-BOUNDED
6,Projection-Neutral,TopologicalHierarchyExtraction,0.7396,0.6844,0.6712,0.6884,0.6608,0.6733,0.691,TOPOLOGY-BOUNDED
8,Projection-Neutral,TopologicalHierarchyExtraction,0.668,0.649,0.6453,0.6401,0.6252,0.6248,0.6498,TOPOLOGY-PARTIAL
12,Projection-Neutral,TopologicalHierarchyExtraction,0.6049,0.5747,0.5626,0.5917,0.5609,0.5717,0.5695,TOPOLOGY-PARTIAL
16,Projection-Neutral,TopologicalHierarchyExtraction,0.5536,0.5251,0.5319,0.5224,0.5113,0.5119,0.5103,TOPOLOGY-DEGRADING
20,Projection-Neutral,TopologicalHierarchyExtraction,0.5086,0.4891,0.468,0.4856,0.4533,0.4612,0.4601,TOPOLOGY-DEGRADING
24,Projection-Neutral,TopologicalHierarchyExtraction,0.4651,0.4374,0.4332,0.4446,0.4331,0.4251,0.4388,TOPOLOGY-DEGRADING
32,Projection-Neutral,TopologicalHierarchyExtraction,0.3953,0.3724,0.3703,0.3701,0.3672,0.3709,0.3732,TOPOLOGY-FAILED
40,Projection-Neutral,TopologicalHierarchyExtraction,0.3483,0.3345,0.334,0.3379,0.327,0.3191,0.3219,TOPOLOGY-FAILED
48,Projection-Neutral,TopologicalHierarchyExtraction,0.3053,0.3025,0.2859,0.3005,0.2848,0.2798,0.2841,TOPOLOGY-FAILED
64,Projection-Neutral,TopologicalHierarchyExtraction,0.2558,0.2483,0.2399,0.2383,0.2359,0.2348,0.243,TOPOLOGY-FAILED
80,Projection-Neutral,TopologicalHierarchyExtraction,0.2146,0.2047,0.1992,0.206,0.2005,0.199,0.2,TOPOLOGY-FAILED
96,Projection-Neutral,TopologicalHierarchyExtraction,0.1869,0.1781,0.1742,0.1818,0.1765,0.1729,0.1736,TOPOLOGY-FAILED
128,Projection-Neutral,TopologicalHierarchyExtraction,0.1496,0.1416,0.1382,0.1415,0.138,0.1337,0.1417,TOPOLOGY-FAILED
160,Projection-Neutral,TopologicalHierarchyExtraction,0.123,0.1166,0.1174,0.1172,0.1145,0.1156,0.116,TOPOLOGY-FAILED
1,Projection-Neutral,AttractorNavigationStability,0.8722,0.8399,0.8198,0.787,0.8286,0.8014,0.8218,TOPOLOGY-CONNECTED
2,Projection-Neutral,AttractorNavigationStability,0.8433,0.7976,0.7997,0.7914,0.7955,0.7527,0.7839,TOPOLOGY-CONNECTED
4,Projection-Neutral,AttractorNavigationStability,0.7622,0.7379,0.745,0.7131,0.7174,0.6915,0.7099,TOPOLOGY-BOUNDED
6,Projection-Neutral,AttractorNavigationStability,0.7292,0.6842,0.6879,0.6857,0.6763,0.6631,0.6603,TOPOLOGY-BOUNDED
8,Projection-Neutral,AttractorNavigationStability,0.6844,0.6611,0.6564,0.6271,0.6461,0.6197,0.6295,TOPOLOGY-BOUNDED
12,Projection-Neutral,AttractorNavigationStability,0.6048,0.5801,0.5792,0.5723,0.5684,0.5663,0.5633,TOPOLOGY-PARTIAL
16,Projection-Neutral,AttractorNavigationStability,0.557,0.5181,0.5247,0.519,0.5132,0.5093,0.5214,TOPOLOGY-DEGRADING
20,Projection-Neutral,AttractorNavigationStability,0.5005,0.4705,0.4831,0.4776,0.4823,0.4469,0.478,TOPOLOGY-DEGRADING
24,Projection-Neutral,AttractorNavigationStability,0.4614,0.4337,0.4291,0.4313,0.4434,0.413,0.4241,TOPOLOGY-DEGRADING
32,Projection-Neutral,AttractorNavigationStability,0.3956,0.3866,0.3696,0.3609,0.3722,0.3608,0.379,TOPOLOGY-FAILED
40,Projection-Neutral,AttractorNavigationStability,0.3439,0.3385,0.3215,0.3272,0.3291,0.3215,0.3289,TOPOLOGY-FAILED
48,Projection-Neutral,AttractorNavigationStability,0.3109,0.2896,0.288,0.2887,0.2992,0.2848,0.2957,TOPOLOGY-FAILED
64,Projection-Neutral,AttractorNavigationStability,0.2538,0.2417,0.2455,0.2335,0.2357,0.2305,0.2424,TOPOLOGY-FAILED
80,Projection-Neutral,AttractorNavigationStability,0.2128,0.2089,0.2041,0.1985,0.2056,0.1958,0.2032,TOPOLOGY-FAILED
96,Projection-Neutral,AttractorNavigationStability,0.183,0.1806,0.1809,0.1755,0.1736,0.168,0.1774,TOPOLOGY-FAILED
128,Projection-Neutral,AttractorNavigationStability,0.1479,0.1451,0.1401,0.1408,0.1367,0.1356,0.1403,TOPOLOGY-FAILED
160,Projection-Neutral,AttractorNavigationStability,0.1243,0.1166,0.1161,0.1147,0.1166,0.1111,0.1121,TOPOLOGY-FAILED
1,Projection-Neutral,BasinMergerSplittingDynamics,0.8524,0.8477,0.7967,0.8017,0.7903,0.8177,0.8081,TOPOLOGY-CONNECTED
2,Projection-Neutral,BasinMergerSplittingDynamics,0.8306,0.8188,0.7801,0.7787,0.7616,0.7703,0.779,TOPOLOGY-CONNECTED
4,Projection-Neutral,BasinMergerSplittingDynamics,0.7728,0.7363,0.7201,0.7183,0.7261,0.7166,0.7317,TOPOLOGY-BOUNDED
6,Projection-Neutral,BasinMergerSplittingDynamics,0.717,0.6867,0.6689,0.6722,0.6519,0.6781,0.6773,TOPOLOGY-BOUNDED
8,Projection-Neutral,BasinMergerSplittingDynamics,0.6764,0.6613,0.6391,0.6478,0.6206,0.6366,0.6508,TOPOLOGY-PARTIAL
12,Projection-Neutral,BasinMergerSplittingDynamics,0.609,0.5989,0.5731,0.5756,0.5617,0.567,0.5808,TOPOLOGY-PARTIAL
16,Projection-Neutral,BasinMergerSplittingDynamics,0.535,0.5391,0.5185,0.504,0.5005,0.5022,0.5178,TOPOLOGY-DEGRADING
20,Projection-Neutral,BasinMergerSplittingDynamics,0.5027,0.4808,0.4799,0.4677,0.4562,0.4703,0.4677,TOPOLOGY-DEGRADING
24,Projection-Neutral,BasinMergerSplittingDynamics,0.4533,0.4556,0.4252,0.4389,0.4304,0.437,0.4381,TOPOLOGY-DEGRADING
32,Projection-Neutral,BasinMergerSplittingDynamics,0.3959,0.3792,0.373,0.3768,0.3697,0.3675,0.373,TOPOLOGY-FAILED
40,Projection-Neutral,BasinMergerSplittingDynamics,0.3358,0.3319,0.3234,0.3303,0.3144,0.3325,0.3216,TOPOLOGY-FAILED
48,Projection-Neutral,BasinMergerSplittingDynamics,0.31,0.3033,0.2918,0.2894,0.2921,0.2887,0.2827,TOPOLOGY-FAILED
64,Projection-Neutral,BasinMergerSplittingDynamics,0.2543,0.2443,0.2365,0.2336,0.2388,0.2336,0.2412,TOPOLOGY-FAILED
80,Projection-Neutral,BasinMergerSplittingDynamics,0.2132,0.2121,0.2056,0.2005,0.1989,0.203,0.2058,TOPOLOGY-FAILED
96,Projection-Neutral,BasinMergerSplittingDynamics,0.1808,0.1816,0.176,0.1756,0.1698,0.1787,0.1725,TOPOLOGY-FAILED
128,Projection-Neutral,BasinMergerSplittingDynamics,0.1433,0.1446,0.1432,0.1354,0.1398,0.1395,0.1379,TOPOLOGY-FAILED
160,Projection-Neutral,BasinMergerSplittingDynamics,0.1221,0.1212,0.1136,0.1118,0.1152,0.1131,0.116,TOPOLOGY-FAILED
1,Projection-Neutral,PerturbationCorridorRecovery,0.8288,0.7964,0.8279,0.7998,0.7861,0.7927,0.7964,TOPOLOGY-CONNECTED
2,Projection-Neutral,PerturbationCorridorRecovery,0.798,0.802,0.8007,0.7638,0.7802,0.7568,0.7894,TOPOLOGY-CONNECTED
4,Projection-Neutral,PerturbationCorridorRecovery,0.7427,0.7468,0.7366,0.7013,0.737,0.7029,0.7076,TOPOLOGY-BOUNDED
6,Projection-Neutral,PerturbationCorridorRecovery,0.724,0.6883,0.6721,0.675,0.6719,0.6406,0.6842,TOPOLOGY-BOUNDED
8,Projection-Neutral,PerturbationCorridorRecovery,0.6746,0.629,0.6325,0.6385,0.6438,0.6186,0.6261,TOPOLOGY-PARTIAL
12,Projection-Neutral,PerturbationCorridorRecovery,0.5888,0.5622,0.5853,0.5662,0.5742,0.5492,0.5784,TOPOLOGY-PARTIAL
16,Projection-Neutral,PerturbationCorridorRecovery,0.5346,0.5198,0.5086,0.5191,0.5152,0.5025,0.5228,TOPOLOGY-DEGRADING
20,Projection-Neutral,PerturbationCorridorRecovery,0.4801,0.4727,0.4793,0.4689,0.47,0.4476,0.4714,TOPOLOGY-DEGRADING
24,Projection-Neutral,PerturbationCorridorRecovery,0.4505,0.4325,0.4439,0.4291,0.4222,0.4092,0.4228,TOPOLOGY-DEGRADING
32,Projection-Neutral,PerturbationCorridorRecovery,0.3884,0.3684,0.3747,0.3596,0.3725,0.3552,0.3739,TOPOLOGY-FAILED
40,Projection-Neutral,PerturbationCorridorRecovery,0.3466,0.3285,0.3305,0.3234,0.3215,0.3197,0.3171,TOPOLOGY-FAILED
48,Projection-Neutral,PerturbationCorridorRecovery,0.3058,0.2913,0.2888,0.2827,0.294,0.2808,0.2898,TOPOLOGY-FAILED
64,Projection-Neutral,PerturbationCorridorRecovery,0.2465,0.2462,0.2349,0.233,0.2315,0.2315,0.2357,TOPOLOGY-FAILED
80,Projection-Neutral,PerturbationCorridorRecovery,0.2124,0.2062,0.2054,0.1987,0.1992,0.1888,0.2011,TOPOLOGY-FAILED
96,Projection-Neutral,PerturbationCorridorRecovery,0.1866,0.1784,0.1794,0.1763,0.176,0.1713,0.1743,TOPOLOGY-FAILED
128,Projection-Neutral,PerturbationCorridorRecovery,0.1449,0.1432,0.1381,0.1394,0.138,0.1346,0.1381,TOPOLOGY-FAILED
160,Projection-Neutral,PerturbationCorridorRecovery,0.1177,0.1185,0.1137,0.1141,0.1153,0.1079,0.1169,TOPOLOGY-FAILED
1,Projection-Neutral,NullTopologyControl,0.657,0.6576,0.6274,0.6545,0.6115,0.6072,0.6555,TOPOLOGY-PARTIAL
2,Projection-Neutral,NullTopologyControl,0.6269,0.6356,0.637,0.6392,0.611,0.5822,0.601,TOPOLOGY-PARTIAL
4,Projection-Neutral,NullTopologyControl,0.5991,0.5865,0.5668,0.5779,0.5733,0.557,0.5537,TOPOLOGY-PARTIAL
6,Projection-Neutral,NullTopologyControl,0.5406,0.5452,0.5446,0.5342,0.5131,0.5307,0.531,TOPOLOGY-DEGRADING
8,Projection-Neutral,NullTopologyControl,0.5093,0.5277,0.5177,0.5137,0.5079,0.5003,0.5143,TOPOLOGY-DEGRADING
12,Projection-Neutral,NullTopologyControl,0.4712,0.4606,0.4532,0.4498,0.4313,0.4428,0.4492,TOPOLOGY-DEGRADING
16,Projection-Neutral,NullTopologyControl,0.4144,0.4163,0.4004,0.411,0.3989,0.3821,0.4121,TOPOLOGY-DEGRADING
20,Projection-Neutral,NullTopologyControl,0.3952,0.3772,0.3696,0.3778,0.3614,0.3591,0.3703,TOPOLOGY-FAILED
24,Projection-Neutral,NullTopologyControl,0.3595,0.36,0.3501,0.3393,0.3419,0.3209,0.3356,TOPOLOGY-FAILED
32,Projection-Neutral,NullTopologyControl,0.2967,0.2923,0.3021,0.2954,0.2882,0.2866,0.2983,TOPOLOGY-FAILED
40,Projection-Neutral,NullTopologyControl,0.2641,0.257,0.2637,0.2579,0.2441,0.2417,0.2632,TOPOLOGY-FAILED
48,Projection-Neutral,NullTopologyControl,0.234,0.2348,0.2256,0.2393,0.2202,0.2231,0.232,TOPOLOGY-FAILED
64,Projection-Neutral,NullTopologyControl,0.1924,0.1945,0.1857,0.1883,0.1809,0.177,0.1906,TOPOLOGY-FAILED
80,Projection-Neutral,NullTopologyControl,0.1641,0.1626,0.1573,0.1653,0.1591,0.1496,0.1555,TOPOLOGY-FAILED
96,Projection-Neutral,NullTopologyControl,0.1461,0.1391,0.1387,0.1447,0.1384,0.1377,0.1368,TOPOLOGY-FAILED
128,Projection-Neutral,NullTopologyControl,0.1106,0.1137,0.1121,0.1123,0.1066,0.1066,0.1082,TOPOLOGY-FAILED
160,Projection-Neutral,NullTopologyControl,0.0929,0.0946,0.0893,0.0914,0.0881,0.0886,0.0924,TOPOLOGY-FAILED
1,Antisymmetry-Neutral,BasinConnectivityMapping,0.862,0.8235,0.8332,0.8102,0.8027,0.8009,0.8225,TOPOLOGY-CONNECTED
2,Antisymmetry-Neutral,BasinConnectivityMapping,0.8462,0.8107,0.7814,0.7922,0.7519,0.7597,0.7848,TOPOLOGY-CONNECTED
4,Antisymmetry-Neutral,BasinConnectivityMapping,0.7813,0.7641,0.7565,0.7203,0.7031,0.7247,0.7318,TOPOLOGY-CONNECTED
6,Antisymmetry-Neutral,BasinConnectivityMapping,0.739,0.7021,0.6794,0.6794,0.6765,0.6838,0.6639,TOPOLOGY-BOUNDED
8,Antisymmetry-Neutral,BasinConnectivityMapping,0.6891,0.6516,0.6421,0.6498,0.6331,0.644,0.6274,TOPOLOGY-PARTIAL
12,Antisymmetry-Neutral,BasinConnectivityMapping,0.6088,0.5862,0.5954,0.5799,0.5644,0.5591,0.5633,TOPOLOGY-PARTIAL
16,Antisymmetry-Neutral,BasinConnectivityMapping,0.553,0.5447,0.5253,0.5243,0.5038,0.5044,0.5136,TOPOLOGY-DEGRADING
20,Antisymmetry-Neutral,BasinConnectivityMapping,0.5095,0.4753,0.4761,0.4662,0.4706,0.4681,0.4745,TOPOLOGY-DEGRADING
24,Antisymmetry-Neutral,BasinConnectivityMapping,0.4666,0.4476,0.4435,0.4212,0.4272,0.4174,0.4287,TOPOLOGY-DEGRADING
32,Antisymmetry-Neutral,BasinConnectivityMapping,0.3909,0.3918,0.3805,0.3737,0.3662,0.3611,0.3652,TOPOLOGY-FAILED
40,Antisymmetry-Neutral,BasinConnectivityMapping,0.3552,0.3339,0.3388,0.3208,0.3184,0.3279,0.3182,TOPOLOGY-FAILED
48,Antisymmetry-Neutral,BasinConnectivityMapping,0.3114,0.2966,0.2927,0.2963,0.2916,0.2876,0.2869,TOPOLOGY-FAILED
64,Antisymmetry-Neutral,BasinConnectivityMapping,0.2599,0.2441,0.241,0.2374,0.236,0.2299,0.239,TOPOLOGY-FAILED
80,Antisymmetry-Neutral,BasinConnectivityMapping,0.2211,0.2056,0.2066,0.1979,0.2019,0.2003,0.2008,TOPOLOGY-FAILED
96,Antisymmetry-Neutral,BasinConnectivityMapping,0.1891,0.1801,0.1819,0.174,0.1713,0.1746,0.1777,TOPOLOGY-FAILED
128,Antisymmetry-Neutral,BasinConnectivityMapping,0.1463,0.1401,0.1419,0.1394,0.1367,0.1385,0.1384,TOPOLOGY-FAILED
160,Antisymmetry-Neutral,BasinConnectivityMapping,0.1217,0.1187,0.1196,0.1123,0.113,0.1119,0.1116,TOPOLOGY-FAILED
1,Antisymmetry-Neutral,TransitionCorridorAnalysis,0.8884,0.8387,0.8416,0.8053,0.8071,0.7759,0.8223,TOPOLOGY-CONNECTED
2,Antisymmetry-Neutral,TransitionCorridorAnalysis,0.8262,0.7776,0.789,0.7868,0.7877,0.7635,0.7744,TOPOLOGY-CONNECTED
4,Antisymmetry-Neutral,TransitionCorridorAnalysis,0.7692,0.7234,0.7676,0.7366,0.7229,0.7123,0.7482,TOPOLOGY-BOUNDED
6,Antisymmetry-Neutral,TransitionCorridorAnalysis,0.7326,0.697,0.6893,0.6795,0.6926,0.676,0.6989,TOPOLOGY-BOUNDED
8,Antisymmetry-Neutral,TransitionCorridorAnalysis,0.6762,0.642,0.6482,0.6594,0.6516,0.6068,0.6364,TOPOLOGY-PARTIAL
12,Antisymmetry-Neutral,TransitionCorridorAnalysis,0.6025,0.5826,0.5997,0.5654,0.5581,0.5595,0.5865,TOPOLOGY-PARTIAL
16,Antisymmetry-Neutral,TransitionCorridorAnalysis,0.5444,0.5323,0.5223,0.507,0.5108,0.494,0.5231,TOPOLOGY-DEGRADING
20,Antisymmetry-Neutral,TransitionCorridorAnalysis,0.5065,0.4828,0.4843,0.4772,0.4564,0.4496,0.4849,TOPOLOGY-DEGRADING
24,Antisymmetry-Neutral,TransitionCorridorAnalysis,0.4684,0.4376,0.4411,0.4255,0.4298,0.421,0.4378,TOPOLOGY-DEGRADING
32,Antisymmetry-Neutral,TransitionCorridorAnalysis,0.3985,0.385,0.3794,0.3813,0.3728,0.3676,0.3676,TOPOLOGY-FAILED
40,Antisymmetry-Neutral,TransitionCorridorAnalysis,0.3434,0.3323,0.3294,0.3275,0.3239,0.3225,0.333,TOPOLOGY-FAILED
48,Antisymmetry-Neutral,TransitionCorridorAnalysis,0.3067,0.2972,0.3065,0.2872,0.2915,0.2863,0.2933,TOPOLOGY-FAILED
64,Antisymmetry-Neutral,TransitionCorridorAnalysis,0.2547,0.2379,0.2514,0.2375,0.2363,0.2335,0.2458,TOPOLOGY-FAILED
80,Antisymmetry-Neutral,TransitionCorridorAnalysis,0.218,0.2103,0.2131,0.2033,0.2052,0.2003,0.1997,TOPOLOGY-FAILED
96,Antisymmetry-Neutral,TransitionCorridorAnalysis,0.1897,0.1814,0.1815,0.1738,0.171,0.1731,0.1794,TOPOLOGY-FAILED
128,Antisymmetry-Neutral,TransitionCorridorAnalysis,0.1521,0.1405,0.1444,0.1376,0.1364,0.1338,0.1395,TOPOLOGY-FAILED
160,Antisymmetry-Neutral,TransitionCorridorAnalysis,0.1216,0.1173,0.1187,0.1183,0.1123,0.1106,0.116,TOPOLOGY-FAILED
1,Antisymmetry-Neutral,TopologicalHierarchyExtraction,0.8651,0.835,0.8176,0.8436,0.8067,0.7833,0.8033,TOPOLOGY-CONNECTED
2,Antisymmetry-Neutral,TopologicalHierarchyExtraction,0.8182,0.7834,0.7906,0.7806,0.7481,0.7548,0.7621,TOPOLOGY-CONNECTED
4,Antisymmetry-Neutral,TopologicalHierarchyExtraction,0.773,0.755,0.7476,0.746,0.7306,0.7225,0.7053,TOPOLOGY-BOUNDED
6,Antisymmetry-Neutral,TopologicalHierarchyExtraction,0.7142,0.6831,0.6785,0.6982,0.6562,0.6852,0.6937,TOPOLOGY-BOUNDED
8,Antisymmetry-Neutral,TopologicalHierarchyExtraction,0.6718,0.6424,0.6344,0.6584,0.644,0.6192,0.6369,TOPOLOGY-PARTIAL
12,Antisymmetry-Neutral,TopologicalHierarchyExtraction,0.5985,0.5877,0.5856,0.5868,0.561,0.5473,0.5767,TOPOLOGY-PARTIAL
16,Antisymmetry-Neutral,TopologicalHierarchyExtraction,0.551,0.5318,0.5251,0.5287,0.5135,0.4981,0.5208,TOPOLOGY-DEGRADING
20,Antisymmetry-Neutral,TopologicalHierarchyExtraction,0.4909,0.4818,0.4735,0.4908,0.4546,0.462,0.469,TOPOLOGY-DEGRADING
24,Antisymmetry-Neutral,TopologicalHierarchyExtraction,0.4521,0.4379,0.4406,0.4413,0.4196,0.4345,0.4205,TOPOLOGY-DEGRADING
32,Antisymmetry-Neutral,TopologicalHierarchyExtraction,0.3893,0.3801,0.3691,0.3778,0.3672,0.3716,0.3698,TOPOLOGY-FAILED
40,Antisymmetry-Neutral,TopologicalHierarchyExtraction,0.3418,0.331,0.3363,0.3367,0.3245,0.3158,0.3323,TOPOLOGY-FAILED
48,Antisymmetry-Neutral,TopologicalHierarchyExtraction,0.3032,0.2945,0.2966,0.3032,0.2893,0.2847,0.2956,TOPOLOGY-FAILED
64,Antisymmetry-Neutral,TopologicalHierarchyExtraction,0.2569,0.241,0.2444,0.2468,0.2355,0.2287,0.2347,TOPOLOGY-FAILED
80,Antisymmetry-Neutral,TopologicalHierarchyExtraction,0.2163,0.209,0.1991,0.2097,0.197,0.194,0.2012,TOPOLOGY-FAILED
96,Antisymmetry-Neutral,TopologicalHierarchyExtraction,0.1903,0.1792,0.1781,0.1757,0.1718,0.175,0.1771,TOPOLOGY-FAILED
128,Antisymmetry-Neutral,TopologicalHierarchyExtraction,0.1468,0.1408,0.1425,0.1401,0.1356,0.1339,0.1414,TOPOLOGY-FAILED
160,Antisymmetry-Neutral,TopologicalHierarchyExtraction,0.1229,0.1145,0.1153,0.1184,0.1119,0.1114,0.1166,TOPOLOGY-FAILED
1,Antisymmetry-Neutral,AttractorNavigationStability,0.8365,0.8089,0.8197,0.7995,0.8211,0.7857,0.8117,TOPOLOGY-CONNECTED
2,Antisymmetry-Neutral,AttractorNavigationStability,0.8286,0.7787,0.7704,0.7897,0.7925,0.7482,0.7679,TOPOLOGY-CONNECTED
4,Antisymmetry-Neutral,AttractorNavigationStability,0.7645,0.7435,0.7429,0.7303,0.732,0.7019,0.7142,TOPOLOGY-BOUNDED
6,Antisymmetry-Neutral,AttractorNavigationStability,0.7122,0.6886,0.691,0.6606,0.6916,0.6727,0.673,TOPOLOGY-BOUNDED
8,Antisymmetry-Neutral,AttractorNavigationStability,0.6801,0.6625,0.6453,0.6279,0.6575,0.6254,0.6434,TOPOLOGY-PARTIAL
12,Antisymmetry-Neutral,AttractorNavigationStability,0.6043,0.5751,0.584,0.5751,0.5659,0.5637,0.5602,TOPOLOGY-PARTIAL
16,Antisymmetry-Neutral,AttractorNavigationStability,0.5512,0.5201,0.5187,0.52,0.5243,0.4931,0.5015,TOPOLOGY-DEGRADING
20,Antisymmetry-Neutral,AttractorNavigationStability,0.4912,0.4704,0.483,0.4731,0.4651,0.4607,0.4582,TOPOLOGY-DEGRADING
24,Antisymmetry-Neutral,AttractorNavigationStability,0.4599,0.4474,0.4404,0.4245,0.4413,0.4279,0.422,TOPOLOGY-DEGRADING
32,Antisymmetry-Neutral,AttractorNavigationStability,0.3951,0.3836,0.3655,0.3754,0.3799,0.3615,0.366,TOPOLOGY-FAILED
40,Antisymmetry-Neutral,AttractorNavigationStability,0.3501,0.3312,0.3338,0.3193,0.3298,0.3155,0.3265,TOPOLOGY-FAILED
48,Antisymmetry-Neutral,AttractorNavigationStability,0.3053,0.3014,0.2878,0.2837,0.2922,0.2781,0.2929,TOPOLOGY-FAILED
64,Antisymmetry-Neutral,AttractorNavigationStability,0.2574,0.2387,0.2354,0.2424,0.2433,0.2338,0.2402,TOPOLOGY-FAILED
80,Antisymmetry-Neutral,AttractorNavigationStability,0.2095,0.2056,0.2006,0.1992,0.2075,0.196,0.2024,TOPOLOGY-FAILED
96,Antisymmetry-Neutral,AttractorNavigationStability,0.1864,0.1793,0.1731,0.1713,0.1755,0.1701,0.1734,TOPOLOGY-FAILED
128,Antisymmetry-Neutral,AttractorNavigationStability,0.1486,0.1413,0.1424,0.14,0.1396,0.1317,0.1409,TOPOLOGY-FAILED
160,Antisymmetry-Neutral,AttractorNavigationStability,0.1243,0.1182,0.1155,0.112,0.1151,0.1094,0.1132,TOPOLOGY-FAILED
1,Antisymmetry-Neutral,BasinMergerSplittingDynamics,0.8444,0.817,0.8197,0.7997,0.8136,0.7998,0.8062,TOPOLOGY-CONNECTED
2,Antisymmetry-Neutral,BasinMergerSplittingDynamics,0.8192,0.8182,0.7737,0.7693,0.7856,0.7613,0.7779,TOPOLOGY-CONNECTED
4,Antisymmetry-Neutral,BasinMergerSplittingDynamics,0.7627,0.7673,0.7354,0.7259,0.7096,0.732,0.7337,TOPOLOGY-BOUNDED
6,Antisymmetry-Neutral,BasinMergerSplittingDynamics,0.7104,0.6924,0.6972,0.6737,0.6847,0.6902,0.6671,TOPOLOGY-BOUNDED
8,Antisymmetry-Neutral,BasinMergerSplittingDynamics,0.678,0.6546,0.6287,0.6388,0.6407,0.6335,0.6361,TOPOLOGY-PARTIAL
12,Antisymmetry-Neutral,BasinMergerSplittingDynamics,0.6001,0.5774,0.5873,0.5649,0.5661,0.5748,0.5788,TOPOLOGY-PARTIAL
16,Antisymmetry-Neutral,BasinMergerSplittingDynamics,0.5527,0.5313,0.5215,0.5176,0.5116,0.5115,0.5246,TOPOLOGY-DEGRADING
20,Antisymmetry-Neutral,BasinMergerSplittingDynamics,0.5022,0.4852,0.4696,0.4718,0.4689,0.4721,0.4601,TOPOLOGY-DEGRADING
24,Antisymmetry-Neutral,BasinMergerSplittingDynamics,0.4512,0.4486,0.4395,0.4353,0.4207,0.4396,0.4338,TOPOLOGY-DEGRADING
32,Antisymmetry-Neutral,BasinMergerSplittingDynamics,0.391,0.3794,0.3757,0.363,0.3628,0.3637,0.3708,TOPOLOGY-FAILED
40,Antisymmetry-Neutral,BasinMergerSplittingDynamics,0.3387,0.3319,0.3342,0.3181,0.3172,0.3206,0.3243,TOPOLOGY-FAILED
48,Antisymmetry-Neutral,BasinMergerSplittingDynamics,0.3081,0.2933,0.2897,0.2843,0.29,0.2831,0.2914,TOPOLOGY-FAILED
64,Antisymmetry-Neutral,BasinMergerSplittingDynamics,0.2556,0.2435,0.2357,0.2326,0.2312,0.2347,0.2317,TOPOLOGY-FAILED
80,Antisymmetry-Neutral,BasinMergerSplittingDynamics,0.2108,0.2066,0.2045,0.2016,0.1993,0.2033,0.2019,TOPOLOGY-FAILED
96,Antisymmetry-Neutral,BasinMergerSplittingDynamics,0.1858,0.1828,0.1794,0.1755,0.1699,0.1733,0.1788,TOPOLOGY-FAILED
128,Antisymmetry-Neutral,BasinMergerSplittingDynamics,0.1462,0.1446,0.1408,0.1396,0.1345,0.1359,0.1404,TOPOLOGY-FAILED
160,Antisymmetry-Neutral,BasinMergerSplittingDynamics,0.1208,0.1175,0.1135,0.1142,0.1144,0.1119,0.1155,TOPOLOGY-FAILED
1,Antisymmetry-Neutral,PerturbationCorridorRecovery,0.8483,0.8345,0.8243,0.7947,0.8082,0.7899,0.8145,TOPOLOGY-CONNECTED
2,Antisymmetry-Neutral,PerturbationCorridorRecovery,0.7972,0.7808,0.7717,0.7502,0.758,0.7281,0.7872,TOPOLOGY-CONNECTED
4,Antisymmetry-Neutral,PerturbationCorridorRecovery,0.7464,0.7464,0.7163,0.71,0.7269,0.7141,0.7082,TOPOLOGY-BOUNDED
6,Antisymmetry-Neutral,PerturbationCorridorRecovery,0.7053,0.6734,0.6929,0.6762,0.6653,0.6659,0.6619,TOPOLOGY-BOUNDED
8,Antisymmetry-Neutral,PerturbationCorridorRecovery,0.6706,0.6474,0.6544,0.6429,0.6374,0.6182,0.6488,TOPOLOGY-PARTIAL
12,Antisymmetry-Neutral,PerturbationCorridorRecovery,0.5872,0.5809,0.5816,0.5549,0.5671,0.5358,0.5675,TOPOLOGY-PARTIAL
16,Antisymmetry-Neutral,PerturbationCorridorRecovery,0.5398,0.5299,0.5106,0.5049,0.5139,0.4905,0.5155,TOPOLOGY-DEGRADING
20,Antisymmetry-Neutral,PerturbationCorridorRecovery,0.4897,0.4635,0.4696,0.4624,0.4703,0.4501,0.459,TOPOLOGY-DEGRADING
24,Antisymmetry-Neutral,PerturbationCorridorRecovery,0.4523,0.4309,0.4264,0.4207,0.4296,0.412,0.4332,TOPOLOGY-DEGRADING
32,Antisymmetry-Neutral,PerturbationCorridorRecovery,0.3942,0.3783,0.383,0.3659,0.3682,0.3638,0.3696,TOPOLOGY-FAILED
40,Antisymmetry-Neutral,PerturbationCorridorRecovery,0.3455,0.3225,0.3289,0.3129,0.3291,0.3178,0.3289,TOPOLOGY-FAILED
48,Antisymmetry-Neutral,PerturbationCorridorRecovery,0.3105,0.2914,0.2938,0.287,0.2842,0.2749,0.2821,TOPOLOGY-FAILED
64,Antisymmetry-Neutral,PerturbationCorridorRecovery,0.2476,0.2346,0.2441,0.2303,0.2432,0.224,0.2399,TOPOLOGY-FAILED
80,Antisymmetry-Neutral,PerturbationCorridorRecovery,0.2133,0.2033,0.2006,0.1992,0.2025,0.1942,0.2034,TOPOLOGY-FAILED
96,Antisymmetry-Neutral,PerturbationCorridorRecovery,0.1826,0.1793,0.1766,0.1753,0.1781,0.1695,0.1764,TOPOLOGY-FAILED
128,Antisymmetry-Neutral,PerturbationCorridorRecovery,0.1483,0.1391,0.1396,0.1372,0.1381,0.1332,0.1385,TOPOLOGY-FAILED
160,Antisymmetry-Neutral,PerturbationCorridorRecovery,0.1181,0.117,0.1142,0.1101,0.1124,0.1128,0.1128,TOPOLOGY-FAILED
1,Antisymmetry-Neutral,NullTopologyControl,0.6598,0.6619,0.631,0.6394,0.6268,0.6164,0.6336,TOPOLOGY-PARTIAL
2,Antisymmetry-Neutral,NullTopologyControl,0.6316,0.6394,0.6046,0.625,0.6042,0.5943,0.6115,TOPOLOGY-PARTIAL
4,Antisymmetry-Neutral,NullTopologyControl,0.5934,0.5813,0.5953,0.5938,0.5546,0.57,0.5836,TOPOLOGY-PARTIAL
6,Antisymmetry-Neutral,NullTopologyControl,0.5579,0.5491,0.5515,0.5487,0.5326,0.511,0.5281,TOPOLOGY-DEGRADING
8,Antisymmetry-Neutral,NullTopologyControl,0.5187,0.5117,0.5062,0.525,0.4851,0.4877,0.5094,TOPOLOGY-DEGRADING
12,Antisymmetry-Neutral,NullTopologyControl,0.4608,0.4714,0.4464,0.4547,0.4296,0.4372,0.4503,TOPOLOGY-DEGRADING
16,Antisymmetry-Neutral,NullTopologyControl,0.425,0.4105,0.4194,0.4067,0.3902,0.3926,0.409,TOPOLOGY-DEGRADING
20,Antisymmetry-Neutral,NullTopologyControl,0.3848,0.3846,0.3722,0.3856,0.369,0.363,0.366,TOPOLOGY-FAILED
24,Antisymmetry-Neutral,NullTopologyControl,0.363,0.34,0.3443,0.3397,0.3339,0.3313,0.3397,TOPOLOGY-FAILED
32,Antisymmetry-Neutral,NullTopologyControl,0.303,0.303,0.2914,0.3045,0.2818,0.2852,0.2949,TOPOLOGY-FAILED
40,Antisymmetry-Neutral,NullTopologyControl,0.266,0.2565,0.2547,0.2698,0.249,0.2525,0.2556,TOPOLOGY-FAILED
48,Antisymmetry-Neutral,NullTopologyControl,0.2366,0.2331,0.2372,0.2384,0.2237,0.2143,0.2236,TOPOLOGY-FAILED
64,Antisymmetry-Neutral,NullTopologyControl,0.1972,0.1983,0.1857,0.1964,0.1797,0.1792,0.1921,TOPOLOGY-FAILED
80,Antisymmetry-Neutral,NullTopologyControl,0.1696,0.1653,0.1589,0.1682,0.1579,0.1501,0.1625,TOPOLOGY-FAILED
96,Antisymmetry-Neutral,NullTopologyControl,0.1434,0.1464,0.1383,0.1411,0.1321,0.1348,0.1356,TOPOLOGY-FAILED
128,Antisymmetry-Neutral,NullTopologyControl,0.1165,0.1108,0.1109,0.1112,0.1085,0.1036,0.1097,TOPOLOGY-FAILED
160,Antisymmetry-Neutral,NullTopologyControl,0.0936,0.0906,0.0906,0.0912,0.089,0.0867,0.0904,TOPOLOGY-FAILED
1,Projection-Antisymmetry-Neutral,BasinConnectivityMapping,0.8688,0.8165,0.8123,0.8231,0.783,0.7997,0.8004,TOPOLOGY-CONNECTED
2,Projection-Antisymmetry-Neutral,BasinConnectivityMapping,0.8275,0.7969,0.8007,0.7692,0.7576,0.77,0.7733,TOPOLOGY-CONNECTED
4,Projection-Antisymmetry-Neutral,BasinConnectivityMapping,0.7743,0.7546,0.7331,0.7313,0.7239,0.7084,0.7282,TOPOLOGY-BOUNDED
6,Projection-Antisymmetry-Neutral,BasinConnectivityMapping,0.7233,0.7121,0.6876,0.6828,0.6535,0.6808,0.6682,TOPOLOGY-BOUNDED
8,Projection-Antisymmetry-Neutral,BasinConnectivityMapping,0.6956,0.6473,0.6471,0.6361,0.6409,0.6275,0.6258,TOPOLOGY-PARTIAL
12,Projection-Antisymmetry-Neutral,BasinConnectivityMapping,0.6208,0.5864,0.5962,0.5768,0.5697,0.5598,0.5719,TOPOLOGY-PARTIAL
16,Projection-Antisymmetry-Neutral,BasinConnectivityMapping,0.5623,0.5198,0.5138,0.5197,0.5136,0.5,0.5232,TOPOLOGY-DEGRADING
20,Projection-Antisymmetry-Neutral,BasinConnectivityMapping,0.5138,0.4933,0.4783,0.4736,0.4706,0.4662,0.4601,TOPOLOGY-DEGRADING
24,Projection-Antisymmetry-Neutral,BasinConnectivityMapping,0.4552,0.4516,0.4384,0.4334,0.4274,0.4237,0.4308,TOPOLOGY-DEGRADING
32,Projection-Antisymmetry-Neutral,BasinConnectivityMapping,0.3916,0.3855,0.3833,0.3694,0.363,0.3703,0.3777,TOPOLOGY-FAILED
40,Projection-Antisymmetry-Neutral,BasinConnectivityMapping,0.3449,0.3432,0.338,0.3294,0.3216,0.3223,0.319,TOPOLOGY-FAILED
48,Projection-Antisymmetry-Neutral,BasinConnectivityMapping,0.3103,0.2948,0.2994,0.2939,0.2858,0.2786,0.2954,TOPOLOGY-FAILED
64,Projection-Antisymmetry-Neutral,BasinConnectivityMapping,0.2503,0.2415,0.2423,0.2334,0.2386,0.2359,0.2418,TOPOLOGY-FAILED
80,Projection-Antisymmetry-Neutral,BasinConnectivityMapping,0.2166,0.208,0.2096,0.2057,0.2001,0.2,0.2056,TOPOLOGY-FAILED
96,Projection-Antisymmetry-Neutral,BasinConnectivityMapping,0.1922,0.1833,0.1755,0.1748,0.1711,0.1705,0.1705,TOPOLOGY-FAILED
128,Projection-Antisymmetry-Neutral,BasinConnectivityMapping,0.1473,0.1417,0.1432,0.1353,0.1398,0.1352,0.1374,TOPOLOGY-FAILED
160,Projection-Antisymmetry-Neutral,BasinConnectivityMapping,0.1219,0.1188,0.1192,0.1122,0.1149,0.1114,0.1144,TOPOLOGY-FAILED
1,Projection-Antisymmetry-Neutral,TransitionCorridorAnalysis,0.8606,0.8412,0.8288,0.8273,0.7979,0.7879,0.8072,TOPOLOGY-CONNECTED
2,Projection-Antisymmetry-Neutral,TransitionCorridorAnalysis,0.8398,0.7934,0.7875,0.7994,0.7673,0.7602,0.7883,TOPOLOGY-CONNECTED
4,Projection-Antisymmetry-Neutral,TransitionCorridorAnalysis,0.7849,0.7395,0.7423,0.7405,0.7191,0.696,0.7279,TOPOLOGY-BOUNDED
6,Projection-Antisymmetry-Neutral,TransitionCorridorAnalysis,0.7183,0.6791,0.695,0.6789,0.6918,0.6563,0.6755,TOPOLOGY-BOUNDED
8,Projection-Antisymmetry-Neutral,TransitionCorridorAnalysis,0.6866,0.6664,0.6633,0.6367,0.6327,0.6064,0.6427,TOPOLOGY-BOUNDED
12,Projection-Antisymmetry-Neutral,TransitionCorridorAnalysis,0.6073,0.5914,0.5962,0.5816,0.5612,0.5654,0.5866,TOPOLOGY-PARTIAL
16,Projection-Antisymmetry-Neutral,TransitionCorridorAnalysis,0.5627,0.5273,0.5223,0.5167,0.5227,0.5032,0.5242,TOPOLOGY-DEGRADING
20,Projection-Antisymmetry-Neutral,TransitionCorridorAnalysis,0.5089,0.4858,0.4968,0.464,0.4717,0.4569,0.4667,TOPOLOGY-DEGRADING
24,Projection-Antisymmetry-Neutral,TransitionCorridorAnalysis,0.4608,0.4506,0.4446,0.4351,0.4308,0.4164,0.4458,TOPOLOGY-DEGRADING
32,Projection-Antisymmetry-Neutral,TransitionCorridorAnalysis,0.4077,0.3801,0.3856,0.3782,0.3628,0.3674,0.3749,TOPOLOGY-FAILED
40,Projection-Antisymmetry-Neutral,TransitionCorridorAnalysis,0.3471,0.3272,0.3337,0.3283,0.3296,0.315,0.327,TOPOLOGY-FAILED
48,Projection-Antisymmetry-Neutral,TransitionCorridorAnalysis,0.3066,0.2907,0.3043,0.2864,0.2822,0.2883,0.2939,TOPOLOGY-FAILED
64,Projection-Antisymmetry-Neutral,TransitionCorridorAnalysis,0.262,0.2403,0.2441,0.2415,0.2364,0.2297,0.2409,TOPOLOGY-FAILED
80,Projection-Antisymmetry-Neutral,TransitionCorridorAnalysis,0.2162,0.2087,0.2134,0.2064,0.1973,0.1939,0.2049,TOPOLOGY-FAILED
96,Projection-Antisymmetry-Neutral,TransitionCorridorAnalysis,0.1883,0.1769,0.1814,0.1732,0.1732,0.17,0.1784,TOPOLOGY-FAILED
128,Projection-Antisymmetry-Neutral,TransitionCorridorAnalysis,0.1518,0.1437,0.1449,0.1396,0.1385,0.1344,0.1379,TOPOLOGY-FAILED
160,Projection-Antisymmetry-Neutral,TransitionCorridorAnalysis,0.1263,0.1152,0.1197,0.1153,0.1131,0.1143,0.1133,TOPOLOGY-FAILED
1,Projection-Antisymmetry-Neutral,TopologicalHierarchyExtraction,0.8516,0.8372,0.8258,0.8222,0.7854,0.8012,0.8221,TOPOLOGY-CONNECTED
2,Projection-Antisymmetry-Neutral,TopologicalHierarchyExtraction,0.8332,0.8063,0.8043,0.7964,0.7554,0.7538,0.7841,TOPOLOGY-CONNECTED
4,Projection-Antisymmetry-Neutral,TopologicalHierarchyExtraction,0.7587,0.7578,0.7171,0.7465,0.7136,0.7274,0.7079,TOPOLOGY-BOUNDED
6,Projection-Antisymmetry-Neutral,TopologicalHierarchyExtraction,0.7077,0.7019,0.6978,0.7058,0.6654,0.6667,0.6791,TOPOLOGY-BOUNDED
8,Projection-Antisymmetry-Neutral,TopologicalHierarchyExtraction,0.6667,0.6628,0.6582,0.6436,0.6414,0.6336,0.6397,TOPOLOGY-BOUNDED
12,Projection-Antisymmetry-Neutral,TopologicalHierarchyExtraction,0.6098,0.571,0.5855,0.5697,0.571,0.5665,0.5545,TOPOLOGY-PARTIAL
16,Projection-Antisymmetry-Neutral,TopologicalHierarchyExtraction,0.544,0.5235,0.5184,0.5132,0.5035,0.5001,0.5196,TOPOLOGY-DEGRADING
20,Projection-Antisymmetry-Neutral,TopologicalHierarchyExtraction,0.5106,0.4747,0.4627,0.4794,0.4593,0.4629,0.4743,TOPOLOGY-DEGRADING
24,Projection-Antisymmetry-Neutral,TopologicalHierarchyExtraction,0.464,0.4305,0.4342,0.4475,0.4282,0.4229,0.4205,TOPOLOGY-DEGRADING
32,Projection-Antisymmetry-Neutral,TopologicalHierarchyExtraction,0.4016,0.3841,0.3795,0.3724,0.3728,0.3714,0.3635,TOPOLOGY-FAILED
40,Projection-Antisymmetry-Neutral,TopologicalHierarchyExtraction,0.3471,0.3279,0.3332,0.3267,0.3142,0.327,0.3289,TOPOLOGY-FAILED
48,Projection-Antisymmetry-Neutral,TopologicalHierarchyExtraction,0.3093,0.2999,0.2999,0.2908,0.2858,0.2801,0.296,TOPOLOGY-FAILED
64,Projection-Antisymmetry-Neutral,TopologicalHierarchyExtraction,0.259,0.2413,0.2414,0.2476,0.2378,0.2335,0.2422,TOPOLOGY-FAILED
80,Projection-Antisymmetry-Neutral,TopologicalHierarchyExtraction,0.2111,0.2064,0.2016,0.2021,0.2016,0.1999,0.2014,TOPOLOGY-FAILED
96,Projection-Antisymmetry-Neutral,TopologicalHierarchyExtraction,0.1878,0.1819,0.1741,0.1759,0.1752,0.1747,0.1729,TOPOLOGY-FAILED
128,Projection-Antisymmetry-Neutral,TopologicalHierarchyExtraction,0.1509,0.1438,0.1387,0.1427,0.1341,0.1385,0.1404,TOPOLOGY-FAILED
160,Projection-Antisymmetry-Neutral,TopologicalHierarchyExtraction,0.1203,0.1177,0.1152,0.1198,0.1115,0.1107,0.1151,TOPOLOGY-FAILED
1,Projection-Antisymmetry-Neutral,AttractorNavigationStability,0.8555,0.8069,0.8292,0.8023,0.8149,0.8039,0.7893,TOPOLOGY-CONNECTED
2,Projection-Antisymmetry-Neutral,AttractorNavigationStability,0.8427,0.7938,0.7945,0.7877,0.7904,0.7554,0.7808,TOPOLOGY-CONNECTED
4,Projection-Antisymmetry-Neutral,AttractorNavigationStability,0.7612,0.7303,0.7242,0.7274,0.7375,0.6968,0.717,TOPOLOGY-BOUNDED
6,Projection-Antisymmetry-Neutral,AttractorNavigationStability,0.7362,0.7082,0.6759,0.6893,0.6888,0.6628,0.6879,TOPOLOGY-BOUNDED
8,Projection-Antisymmetry-Neutral,AttractorNavigationStability,0.6719,0.6624,0.636,0.6342,0.6501,0.6341,0.6409,TOPOLOGY-PARTIAL
12,Projection-Antisymmetry-Neutral,AttractorNavigationStability,0.607,0.5683,0.5796,0.5702,0.5785,0.556,0.5595,TOPOLOGY-PARTIAL
16,Projection-Antisymmetry-Neutral,AttractorNavigationStability,0.5495,0.5183,0.5192,0.5174,0.5251,0.4914,0.5123,TOPOLOGY-DEGRADING
20,Projection-Antisymmetry-Neutral,AttractorNavigationStability,0.4948,0.4893,0.4764,0.4633,0.4696,0.4638,0.4621,TOPOLOGY-DEGRADING
24,Projection-Antisymmetry-Neutral,AttractorNavigationStability,0.4666,0.4505,0.4325,0.423,0.436,0.4126,0.4324,TOPOLOGY-DEGRADING
32,Projection-Antisymmetry-Neutral,AttractorNavigationStability,0.3993,0.3788,0.3773,0.3651,0.3721,0.3674,0.3716,TOPOLOGY-FAILED
40,Projection-Antisymmetry-Neutral,AttractorNavigationStability,0.3458,0.3247,0.3276,0.3182,0.3352,0.3176,0.3182,TOPOLOGY-FAILED
48,Projection-Antisymmetry-Neutral,AttractorNavigationStability,0.3008,0.2947,0.2969,0.283,0.2944,0.2839,0.2888,TOPOLOGY-FAILED
64,Projection-Antisymmetry-Neutral,AttractorNavigationStability,0.2507,0.2445,0.2419,0.2383,0.2373,0.2299,0.2379,TOPOLOGY-FAILED
80,Projection-Antisymmetry-Neutral,AttractorNavigationStability,0.2186,0.2066,0.2038,0.2007,0.2087,0.1916,0.1984,TOPOLOGY-FAILED
96,Projection-Antisymmetry-Neutral,AttractorNavigationStability,0.1871,0.1809,0.1757,0.1729,0.175,0.1666,0.1717,TOPOLOGY-FAILED
128,Projection-Antisymmetry-Neutral,AttractorNavigationStability,0.1497,0.1413,0.1401,0.1409,0.1368,0.1359,0.1363,TOPOLOGY-FAILED
160,Projection-Antisymmetry-Neutral,AttractorNavigationStability,0.1244,0.1146,0.113,0.1116,0.1158,0.113,0.1134,TOPOLOGY-FAILED
1,Projection-Antisymmetry-Neutral,BasinMergerSplittingDynamics,0.8488,0.8402,0.8135,0.7984,0.8028,0.8201,0.822,TOPOLOGY-CONNECTED
2,Projection-Antisymmetry-Neutral,BasinMergerSplittingDynamics,0.8126,0.8137,0.7793,0.7668,0.7838,0.7638,0.7748,TOPOLOGY-CONNECTED
4,Projection-Antisymmetry-Neutral,BasinMergerSplittingDynamics,0.7784,0.7574,0.7211,0.7189,0.713,0.7315,0.7063,TOPOLOGY-BOUNDED
6,Projection-Antisymmetry-Neutral,BasinMergerSplittingDynamics,0.7097,0.6886,0.6989,0.6682,0.6645,0.6912,0.6728,TOPOLOGY-BOUNDED
8,Projection-Antisymmetry-Neutral,BasinMergerSplittingDynamics,0.6802,0.653,0.6502,0.646,0.6179,0.6396,0.6289,TOPOLOGY-BOUNDED
12,Projection-Antisymmetry-Neutral,BasinMergerSplittingDynamics,0.6052,0.5977,0.5802,0.5685,0.547,0.582,0.5569,TOPOLOGY-PARTIAL
16,Projection-Antisymmetry-Neutral,BasinMergerSplittingDynamics,0.5338,0.5214,0.5255,0.5153,0.506,0.5033,0.5017,TOPOLOGY-DEGRADING
20,Projection-Antisymmetry-Neutral,BasinMergerSplittingDynamics,0.5009,0.487,0.4821,0.4721,0.4608,0.4778,0.471,TOPOLOGY-DEGRADING
24,Projection-Antisymmetry-Neutral,BasinMergerSplittingDynamics,0.4562,0.4506,0.4323,0.4201,0.4151,0.4395,0.4211,TOPOLOGY-DEGRADING
32,Projection-Antisymmetry-Neutral,BasinMergerSplittingDynamics,0.3863,0.3852,0.375,0.3634,0.3679,0.3661,0.3751,TOPOLOGY-FAILED
40,Projection-Antisymmetry-Neutral,BasinMergerSplittingDynamics,0.3399,0.338,0.3362,0.3209,0.3131,0.3211,0.3185,TOPOLOGY-FAILED
48,Projection-Antisymmetry-Neutral,BasinMergerSplittingDynamics,0.3096,0.3024,0.2987,0.2956,0.283,0.2931,0.2901,TOPOLOGY-FAILED
64,Projection-Antisymmetry-Neutral,BasinMergerSplittingDynamics,0.253,0.2486,0.2362,0.2326,0.232,0.243,0.2408,TOPOLOGY-FAILED
80,Projection-Antisymmetry-Neutral,BasinMergerSplittingDynamics,0.2121,0.2099,0.205,0.2027,0.2016,0.1989,0.2034,TOPOLOGY-FAILED
96,Projection-Antisymmetry-Neutral,BasinMergerSplittingDynamics,0.1805,0.1803,0.1781,0.1745,0.1748,0.1769,0.1791,TOPOLOGY-FAILED
128,Projection-Antisymmetry-Neutral,BasinMergerSplittingDynamics,0.1455,0.1419,0.1395,0.1402,0.1367,0.1366,0.139,TOPOLOGY-FAILED
160,Projection-Antisymmetry-Neutral,BasinMergerSplittingDynamics,0.1185,0.1198,0.1152,0.117,0.1115,0.1143,0.1134,TOPOLOGY-FAILED
1,Projection-Antisymmetry-Neutral,PerturbationCorridorRecovery,0.8454,0.8328,0.8156,0.7771,0.8237,0.7763,0.81,TOPOLOGY-CONNECTED
2,Projection-Antisymmetry-Neutral,PerturbationCorridorRecovery,0.8154,0.7899,0.7948,0.7552,0.786,0.7306,0.7909,TOPOLOGY-CONNECTED
4,Projection-Antisymmetry-Neutral,PerturbationCorridorRecovery,0.7753,0.7171,0.7271,0.7209,0.7062,0.682,0.709,TOPOLOGY-BOUNDED
6,Projection-Antisymmetry-Neutral,PerturbationCorridorRecovery,0.7198,0.7001,0.677,0.6621,0.6747,0.6356,0.6878,TOPOLOGY-BOUNDED
8,Projection-Antisymmetry-Neutral,PerturbationCorridorRecovery,0.6592,0.6467,0.6591,0.6218,0.6341,0.6052,0.6302,TOPOLOGY-PARTIAL
12,Projection-Antisymmetry-Neutral,PerturbationCorridorRecovery,0.61,0.5617,0.5792,0.5545,0.5612,0.555,0.5756,TOPOLOGY-PARTIAL
16,Projection-Antisymmetry-Neutral,PerturbationCorridorRecovery,0.5368,0.513,0.5073,0.503,0.5134,0.5046,0.5183,TOPOLOGY-DEGRADING
20,Projection-Antisymmetry-Neutral,PerturbationCorridorRecovery,0.4998,0.4622,0.4741,0.47,0.4579,0.449,0.4571,TOPOLOGY-DEGRADING
24,Projection-Antisymmetry-Neutral,PerturbationCorridorRecovery,0.4436,0.4292,0.4363,0.4247,0.4284,0.4241,0.4199,TOPOLOGY-DEGRADING
32,Projection-Antisymmetry-Neutral,PerturbationCorridorRecovery,0.3861,0.3666,0.3811,0.3621,0.3717,0.3496,0.371,TOPOLOGY-FAILED
40,Projection-Antisymmetry-Neutral,PerturbationCorridorRecovery,0.3402,0.3286,0.3323,0.3208,0.3283,0.312,0.3249,TOPOLOGY-FAILED
48,Projection-Antisymmetry-Neutral,PerturbationCorridorRecovery,0.304,0.2991,0.291,0.2919,0.2883,0.2773,0.2844,TOPOLOGY-FAILED
64,Projection-Antisymmetry-Neutral,PerturbationCorridorRecovery,0.247,0.2393,0.2368,0.2383,0.2403,0.2233,0.2419,TOPOLOGY-FAILED
80,Projection-Antisymmetry-Neutral,PerturbationCorridorRecovery,0.2075,0.1996,0.2027,0.1989,0.2063,0.1925,0.1988,TOPOLOGY-FAILED
96,Projection-Antisymmetry-Neutral,PerturbationCorridorRecovery,0.1823,0.1755,0.1802,0.1762,0.1705,0.1663,0.1705,TOPOLOGY-FAILED
128,Projection-Antisymmetry-Neutral,PerturbationCorridorRecovery,0.1461,0.1422,0.1387,0.1388,0.1364,0.1362,0.1399,TOPOLOGY-FAILED
160,Projection-Antisymmetry-Neutral,PerturbationCorridorRecovery,0.1224,0.1148,0.1187,0.114,0.1137,0.1098,0.1159,TOPOLOGY-FAILED
1,Projection-Antisymmetry-Neutral,NullTopologyControl,0.6572,0.6748,0.662,0.6675,0.6433,0.5992,0.6205,TOPOLOGY-BOUNDED
2,Projection-Antisymmetry-Neutral,NullTopologyControl,0.6363,0.6403,0.604,0.6416,0.6088,0.5933,0.6142,TOPOLOGY-PARTIAL
4,Projection-Antisymmetry-Neutral,NullTopologyControl,0.586,0.583,0.5894,0.5708,0.553,0.5478,0.5685,TOPOLOGY-PARTIAL
6,Projection-Antisymmetry-Neutral,NullTopologyControl,0.5706,0.5653,0.5469,0.5645,0.5137,0.5093,0.5345,TOPOLOGY-DEGRADING
8,Projection-Antisymmetry-Neutral,NullTopologyControl,0.5258,0.519,0.51,0.5267,0.4982,0.488,0.5016,TOPOLOGY-DEGRADING
12,Projection-Antisymmetry-Neutral,NullTopologyControl,0.4787,0.4556,0.4564,0.4694,0.4328,0.4472,0.4435,TOPOLOGY-DEGRADING
16,Projection-Antisymmetry-Neutral,NullTopologyControl,0.4223,0.4136,0.4007,0.4052,0.4031,0.3841,0.405,TOPOLOGY-DEGRADING
20,Projection-Antisymmetry-Neutral,NullTopologyControl,0.3758,0.3813,0.38,0.3691,0.3708,0.3609,0.3678,TOPOLOGY-FAILED
24,Projection-Antisymmetry-Neutral,NullTopologyControl,0.3439,0.3547,0.3505,0.342,0.339,0.3229,0.3373,TOPOLOGY-FAILED
32,Projection-Antisymmetry-Neutral,NullTopologyControl,0.3042,0.2965,0.3016,0.2945,0.2879,0.2813,0.2883,TOPOLOGY-FAILED
40,Projection-Antisymmetry-Neutral,NullTopologyControl,0.2662,0.2618,0.2549,0.263,0.2591,0.2484,0.2601,TOPOLOGY-FAILED
48,Projection-Antisymmetry-Neutral,NullTopologyControl,0.2405,0.2392,0.2362,0.2291,0.2201,0.2264,0.2227,TOPOLOGY-FAILED
64,Projection-Antisymmetry-Neutral,NullTopologyControl,0.1971,0.1881,0.1886,0.1882,0.1841,0.1767,0.19,TOPOLOGY-FAILED
80,Projection-Antisymmetry-Neutral,NullTopologyControl,0.1654,0.1675,0.1628,0.1633,0.1549,0.1496,0.1606,TOPOLOGY-FAILED
96,Projection-Antisymmetry-Neutral,NullTopologyControl,0.1462,0.1392,0.1406,0.1428,0.1362,0.133,0.1399,TOPOLOGY-FAILED
128,Projection-Antisymmetry-Neutral,NullTopologyControl,0.1128,0.1153,0.1079,0.1148,0.1061,0.1028,0.1118,TOPOLOGY-FAILED
160,Projection-Antisymmetry-Neutral,NullTopologyControl,0.0917,0.0913,0.0904,0.0937,0.0916,0.0856,0.0904,TOPOLOGY-FAILED
