depth,sector,condition,rg_similarity,meta_stability_gain,governance_efficiency,overhead_distribution_index,recursive_coordination_strength,asymptotic_decay_reduction,stabilization_orchestration_score,classification
1,Projection,HierarchicalStabilizationRouting,0.9125,0.8826,0.8566,0.8396,0.8858,0.8371,0.8645,META-STABILIZED
2,Projection,HierarchicalStabilizationRouting,0.8942,0.8399,0.8313,0.8072,0.8471,0.7909,0.8076,META-STABILIZED
4,Projection,HierarchicalStabilizationRouting,0.8221,0.7696,0.766,0.7116,0.7774,0.746,0.7354,META-STABILIZED
6,Projection,HierarchicalStabilizationRouting,0.7429,0.7283,0.6872,0.661,0.7005,0.6912,0.6908,META-COORDINATED
8,Projection,HierarchicalStabilizationRouting,0.6939,0.6651,0.6377,0.617,0.6522,0.6333,0.6464,META-COORDINATED
12,Projection,HierarchicalStabilizationRouting,0.61,0.5737,0.5539,0.5423,0.5739,0.5427,0.5633,META-PARTIAL
16,Projection,HierarchicalStabilizationRouting,0.5335,0.5032,0.4853,0.4759,0.5022,0.4731,0.4953,META-DEGRADING
20,Projection,HierarchicalStabilizationRouting,0.4847,0.4627,0.4431,0.4295,0.4482,0.4436,0.4452,META-DEGRADING
24,Projection,HierarchicalStabilizationRouting,0.4386,0.4157,0.4015,0.3921,0.4126,0.3943,0.4078,META-DEGRADING
28,Projection,HierarchicalStabilizationRouting,0.3882,0.3798,0.3736,0.3583,0.375,0.3569,0.3685,META-FAILED
32,Projection,HierarchicalStabilizationRouting,0.3632,0.3438,0.3454,0.3232,0.337,0.3273,0.3452,META-FAILED
40,Projection,HierarchicalStabilizationRouting,0.3098,0.308,0.2942,0.2878,0.2912,0.2835,0.2967,META-FAILED
48,Projection,HierarchicalStabilizationRouting,0.2745,0.271,0.2531,0.2442,0.2565,0.249,0.2567,META-FAILED
64,Projection,HierarchicalStabilizationRouting,0.22,0.2202,0.2096,0.1985,0.2067,0.2065,0.2077,META-FAILED
80,Projection,HierarchicalStabilizationRouting,0.1895,0.1784,0.171,0.1671,0.1752,0.1722,0.1712,META-FAILED
96,Projection,HierarchicalStabilizationRouting,0.1592,0.1564,0.1495,0.1428,0.1553,0.1486,0.1519,META-FAILED
1,Projection,RecursiveGovernanceOperators,0.957,0.9032,0.881,0.8423,0.8944,0.874,0.8661,META-STABILIZED
2,Projection,RecursiveGovernanceOperators,0.8902,0.8438,0.8324,0.8047,0.8501,0.8261,0.8343,META-STABILIZED
4,Projection,RecursiveGovernanceOperators,0.8245,0.7955,0.7722,0.7523,0.7799,0.7391,0.7773,META-STABILIZED
6,Projection,RecursiveGovernanceOperators,0.7602,0.7278,0.6943,0.6883,0.6956,0.6892,0.6961,META-COORDINATED
8,Projection,RecursiveGovernanceOperators,0.7097,0.6799,0.6569,0.635,0.6471,0.6388,0.6567,META-COORDINATED
12,Projection,RecursiveGovernanceOperators,0.6198,0.5856,0.5634,0.5537,0.5747,0.5585,0.5613,META-PARTIAL
16,Projection,RecursiveGovernanceOperators,0.536,0.5196,0.4938,0.4801,0.5051,0.4888,0.4931,META-DEGRADING
20,Projection,RecursiveGovernanceOperators,0.4827,0.4684,0.4558,0.4237,0.4536,0.4351,0.4453,META-DEGRADING
24,Projection,RecursiveGovernanceOperators,0.4369,0.4279,0.4008,0.4015,0.4195,0.406,0.4086,META-DEGRADING
28,Projection,RecursiveGovernanceOperators,0.4069,0.385,0.3714,0.3657,0.3689,0.3591,0.3782,META-FAILED
32,Projection,RecursiveGovernanceOperators,0.3698,0.3562,0.3444,0.3255,0.3457,0.3373,0.3485,META-FAILED
40,Projection,RecursiveGovernanceOperators,0.3202,0.3053,0.2951,0.2916,0.3017,0.2868,0.2932,META-FAILED
48,Projection,RecursiveGovernanceOperators,0.2783,0.2661,0.2554,0.2566,0.2686,0.2524,0.2655,META-FAILED
64,Projection,RecursiveGovernanceOperators,0.2287,0.2212,0.2108,0.2048,0.211,0.2054,0.215,META-FAILED
80,Projection,RecursiveGovernanceOperators,0.1901,0.1792,0.1803,0.1745,0.175,0.1706,0.1788,META-FAILED
96,Projection,RecursiveGovernanceOperators,0.1636,0.1555,0.153,0.1457,0.1517,0.1455,0.1545,META-FAILED
1,Projection,InterEcologyBalancing,0.9484,0.9129,0.8719,0.8284,0.8857,0.8494,0.865,META-STABILIZED
2,Projection,InterEcologyBalancing,0.8912,0.8566,0.8137,0.7864,0.8417,0.797,0.826,META-STABILIZED
4,Projection,InterEcologyBalancing,0.8072,0.7672,0.7609,0.7276,0.7781,0.7595,0.7472,META-STABILIZED
6,Projection,InterEcologyBalancing,0.7407,0.7034,0.7007,0.6713,0.714,0.6861,0.6808,META-COORDINATED
8,Projection,InterEcologyBalancing,0.6957,0.6592,0.6404,0.6182,0.6413,0.62,0.653,META-COORDINATED
12,Projection,InterEcologyBalancing,0.6123,0.5845,0.5565,0.5497,0.5619,0.5469,0.5544,META-PARTIAL
16,Projection,InterEcologyBalancing,0.5301,0.5051,0.4958,0.4734,0.5004,0.4982,0.4953,META-DEGRADING
20,Projection,InterEcologyBalancing,0.4837,0.4501,0.4467,0.4235,0.463,0.4289,0.4541,META-DEGRADING
24,Projection,InterEcologyBalancing,0.4294,0.4254,0.4066,0.385,0.409,0.4054,0.4111,META-DEGRADING
28,Projection,InterEcologyBalancing,0.4021,0.3816,0.3724,0.3581,0.3849,0.3617,0.3625,META-FAILED
32,Projection,InterEcologyBalancing,0.3647,0.3473,0.3384,0.3352,0.351,0.3295,0.3318,META-FAILED
40,Projection,InterEcologyBalancing,0.3219,0.3065,0.2972,0.2874,0.307,0.2918,0.288,META-FAILED
48,Projection,InterEcologyBalancing,0.2836,0.2726,0.2603,0.251,0.2655,0.251,0.2611,META-FAILED
64,Projection,InterEcologyBalancing,0.2227,0.2158,0.2131,0.203,0.209,0.2043,0.2082,META-FAILED
80,Projection,InterEcologyBalancing,0.1853,0.1829,0.1742,0.167,0.1767,0.1711,0.1749,META-FAILED
96,Projection,InterEcologyBalancing,0.1641,0.1571,0.1514,0.1468,0.1522,0.1518,0.1519,META-FAILED
1,Projection,DistributedOverheadRegulation,0.9283,0.8877,0.8736,0.8801,0.8577,0.8493,0.856,META-STABILIZED
2,Projection,DistributedOverheadRegulation,0.8858,0.8297,0.8247,0.8194,0.8379,0.8312,0.8116,META-STABILIZED
4,Projection,DistributedOverheadRegulation,0.7992,0.7646,0.7404,0.7551,0.7745,0.7464,0.7414,META-STABILIZED
6,Projection,DistributedOverheadRegulation,0.7506,0.7048,0.6944,0.6811,0.7087,0.7011,0.6722,META-COORDINATED
8,Projection,DistributedOverheadRegulation,0.6771,0.6498,0.6471,0.645,0.6448,0.6487,0.6413,META-PARTIAL
12,Projection,DistributedOverheadRegulation,0.6047,0.5696,0.5433,0.5624,0.571,0.5601,0.5456,META-PARTIAL
16,Projection,DistributedOverheadRegulation,0.533,0.5007,0.4808,0.4911,0.4921,0.4901,0.4837,META-DEGRADING
20,Projection,DistributedOverheadRegulation,0.4726,0.4604,0.4355,0.4415,0.4523,0.4501,0.4426,META-DEGRADING
24,Projection,DistributedOverheadRegulation,0.4228,0.4193,0.4066,0.3985,0.4035,0.408,0.3966,META-DEGRADING
28,Projection,DistributedOverheadRegulation,0.3927,0.3744,0.3603,0.3691,0.38,0.3736,0.3667,META-FAILED
32,Projection,DistributedOverheadRegulation,0.3573,0.3466,0.3383,0.3469,0.3502,0.3458,0.3299,META-FAILED
40,Projection,DistributedOverheadRegulation,0.3102,0.2987,0.2836,0.2909,0.3006,0.2919,0.2963,META-FAILED
48,Projection,DistributedOverheadRegulation,0.2815,0.2586,0.2586,0.2563,0.2664,0.2634,0.2547,META-FAILED
64,Projection,DistributedOverheadRegulation,0.221,0.2171,0.2074,0.2073,0.211,0.207,0.2061,META-FAILED
80,Projection,DistributedOverheadRegulation,0.1886,0.1756,0.1742,0.1787,0.1808,0.1712,0.1709,META-FAILED
96,Projection,DistributedOverheadRegulation,0.1588,0.1526,0.147,0.1494,0.1535,0.1536,0.1477,META-FAILED
1,Projection,AdaptiveStabilizationOrchestration,0.935,0.9003,0.8769,0.8492,0.8923,0.8801,0.9155,META-STABILIZED
2,Projection,AdaptiveStabilizationOrchestration,0.8869,0.8853,0.8284,0.8199,0.858,0.851,0.8507,META-STABILIZED
4,Projection,AdaptiveStabilizationOrchestration,0.8316,0.8079,0.7657,0.7383,0.79,0.7744,0.7911,META-STABILIZED
6,Projection,AdaptiveStabilizationOrchestration,0.7754,0.7337,0.707,0.6799,0.712,0.6966,0.7148,META-COORDINATED
8,Projection,AdaptiveStabilizationOrchestration,0.705,0.6854,0.6499,0.646,0.6698,0.6357,0.6509,META-COORDINATED
12,Projection,AdaptiveStabilizationOrchestration,0.6066,0.5951,0.5644,0.54,0.5651,0.573,0.5907,META-PARTIAL
16,Projection,AdaptiveStabilizationOrchestration,0.533,0.5183,0.5105,0.4918,0.5134,0.493,0.5184,META-DEGRADING
20,Projection,AdaptiveStabilizationOrchestration,0.4915,0.4617,0.4516,0.4387,0.4538,0.4472,0.4522,META-DEGRADING
24,Projection,AdaptiveStabilizationOrchestration,0.4361,0.4213,0.4085,0.3926,0.4141,0.4132,0.4215,META-DEGRADING
28,Projection,AdaptiveStabilizationOrchestration,0.4048,0.3858,0.3773,0.3643,0.3852,0.3642,0.3854,META-FAILED
32,Projection,AdaptiveStabilizationOrchestration,0.3802,0.3563,0.3442,0.3336,0.3534,0.3361,0.3466,META-FAILED
40,Projection,AdaptiveStabilizationOrchestration,0.3269,0.3043,0.2967,0.2927,0.2972,0.2902,0.297,META-FAILED
48,Projection,AdaptiveStabilizationOrchestration,0.2798,0.2695,0.2642,0.2508,0.2716,0.2648,0.2676,META-FAILED
64,Projection,AdaptiveStabilizationOrchestration,0.2257,0.2221,0.2116,0.206,0.2161,0.2108,0.2138,META-FAILED
80,Projection,AdaptiveStabilizationOrchestration,0.1933,0.1828,0.1784,0.1692,0.1774,0.1746,0.1816,META-FAILED
96,Projection,AdaptiveStabilizationOrchestration,0.1685,0.1611,0.1569,0.1466,0.1591,0.1504,0.1539,META-FAILED
1,Projection,NullMetaNetworkControl,0.7328,0.7066,0.7257,0.7007,0.7218,0.7042,0.686,META-COORDINATED
2,Projection,NullMetaNetworkControl,0.6805,0.6833,0.6719,0.6982,0.6596,0.6664,0.6551,META-COORDINATED
4,Projection,NullMetaNetworkControl,0.6405,0.6233,0.623,0.6052,0.6121,0.6083,0.5924,META-PARTIAL
6,Projection,NullMetaNetworkControl,0.5723,0.573,0.5576,0.5698,0.5734,0.552,0.5409,META-PARTIAL
8,Projection,NullMetaNetworkControl,0.5419,0.5168,0.5259,0.5226,0.5181,0.5095,0.5065,META-DEGRADING
12,Projection,NullMetaNetworkControl,0.4658,0.4523,0.4666,0.4536,0.4621,0.4457,0.4391,META-DEGRADING
16,Projection,NullMetaNetworkControl,0.4251,0.4107,0.4076,0.4097,0.397,0.3988,0.4086,META-DEGRADING
20,Projection,NullMetaNetworkControl,0.3737,0.3681,0.3585,0.376,0.3555,0.3548,0.3527,META-FAILED
24,Projection,NullMetaNetworkControl,0.3435,0.3383,0.33,0.3312,0.3228,0.3202,0.3278,META-FAILED
28,Projection,NullMetaNetworkControl,0.3089,0.31,0.2964,0.3003,0.2977,0.305,0.2945,META-FAILED
32,Projection,NullMetaNetworkControl,0.2832,0.2735,0.2822,0.2843,0.2817,0.2755,0.2673,META-FAILED
40,Projection,NullMetaNetworkControl,0.2441,0.2383,0.2383,0.2442,0.2351,0.2439,0.2357,META-FAILED
48,Projection,NullMetaNetworkControl,0.2186,0.2142,0.2178,0.216,0.2107,0.2164,0.2044,META-FAILED
64,Projection,NullMetaNetworkControl,0.1777,0.1715,0.1696,0.1708,0.1662,0.1741,0.1653,META-FAILED
80,Projection,NullMetaNetworkControl,0.1465,0.1443,0.1432,0.1483,0.1401,0.1392,0.1412,META-FAILED
96,Projection,NullMetaNetworkControl,0.1286,0.1258,0.1227,0.1231,0.1258,0.1241,0.1203,META-FAILED
1,Antisymmetry,HierarchicalStabilizationRouting,0.9026,0.872,0.8554,0.8107,0.8649,0.8114,0.8398,META-STABILIZED
2,Antisymmetry,HierarchicalStabilizationRouting,0.8713,0.808,0.8046,0.773,0.7926,0.7891,0.8138,META-STABILIZED
4,Antisymmetry,HierarchicalStabilizationRouting,0.7799,0.7639,0.7186,0.7172,0.7224,0.7034,0.7221,META-STABILIZED
6,Antisymmetry,HierarchicalStabilizationRouting,0.7299,0.686,0.6797,0.6451,0.6803,0.6471,0.6678,META-COORDINATED
8,Antisymmetry,HierarchicalStabilizationRouting,0.6573,0.6388,0.6075,0.5828,0.631,0.6088,0.6106,META-PARTIAL
12,Antisymmetry,HierarchicalStabilizationRouting,0.5771,0.5548,0.5433,0.517,0.5475,0.5348,0.5331,META-PARTIAL
16,Antisymmetry,HierarchicalStabilizationRouting,0.5247,0.4835,0.4888,0.4703,0.4846,0.4727,0.4817,META-DEGRADING
20,Antisymmetry,HierarchicalStabilizationRouting,0.4535,0.4485,0.4355,0.412,0.4423,0.4123,0.4226,META-DEGRADING
24,Antisymmetry,HierarchicalStabilizationRouting,0.4266,0.4,0.3879,0.3772,0.3932,0.3796,0.3964,META-DEGRADING
28,Antisymmetry,HierarchicalStabilizationRouting,0.3825,0.3725,0.3576,0.3386,0.3643,0.3433,0.3487,META-FAILED
32,Antisymmetry,HierarchicalStabilizationRouting,0.3528,0.3451,0.3288,0.3168,0.326,0.3272,0.331,META-FAILED
40,Antisymmetry,HierarchicalStabilizationRouting,0.306,0.2893,0.2785,0.2783,0.293,0.2749,0.2896,META-FAILED
48,Antisymmetry,HierarchicalStabilizationRouting,0.2739,0.2611,0.2501,0.235,0.2516,0.249,0.2466,META-FAILED
64,Antisymmetry,HierarchicalStabilizationRouting,0.2131,0.2052,0.206,0.1906,0.2021,0.1944,0.2058,META-FAILED
80,Antisymmetry,HierarchicalStabilizationRouting,0.183,0.1715,0.1726,0.1665,0.1747,0.1646,0.1667,META-FAILED
96,Antisymmetry,HierarchicalStabilizationRouting,0.1575,0.1504,0.1456,0.1422,0.1468,0.1405,0.1437,META-FAILED
1,Antisymmetry,RecursiveGovernanceOperators,0.8996,0.8882,0.8469,0.8198,0.8511,0.8312,0.8381,META-STABILIZED
2,Antisymmetry,RecursiveGovernanceOperators,0.8794,0.821,0.8044,0.7688,0.8294,0.7882,0.8175,META-STABILIZED
4,Antisymmetry,RecursiveGovernanceOperators,0.7885,0.744,0.7257,0.7212,0.7453,0.7262,0.745,META-COORDINATED
6,Antisymmetry,RecursiveGovernanceOperators,0.735,0.6875,0.6808,0.6382,0.6739,0.6732,0.6776,META-COORDINATED
8,Antisymmetry,RecursiveGovernanceOperators,0.6839,0.6504,0.6389,0.5945,0.6375,0.597,0.6409,META-COORDINATED
12,Antisymmetry,RecursiveGovernanceOperators,0.5911,0.5561,0.5429,0.5383,0.5452,0.5256,0.5567,META-PARTIAL
16,Antisymmetry,RecursiveGovernanceOperators,0.51,0.4971,0.4836,0.4698,0.4831,0.4766,0.4794,META-DEGRADING
20,Antisymmetry,RecursiveGovernanceOperators,0.471,0.4512,0.4248,0.4278,0.4296,0.4218,0.4243,META-DEGRADING
24,Antisymmetry,RecursiveGovernanceOperators,0.4275,0.4162,0.3914,0.3766,0.4066,0.3774,0.3908,META-DEGRADING
28,Antisymmetry,RecursiveGovernanceOperators,0.3925,0.3756,0.3575,0.3451,0.3692,0.3561,0.3587,META-FAILED
32,Antisymmetry,RecursiveGovernanceOperators,0.3631,0.3412,0.3332,0.3242,0.336,0.3179,0.3358,META-FAILED
40,Antisymmetry,RecursiveGovernanceOperators,0.305,0.3005,0.29,0.2741,0.2911,0.2813,0.2899,META-FAILED
48,Antisymmetry,RecursiveGovernanceOperators,0.2662,0.2567,0.2476,0.24,0.2603,0.2438,0.2515,META-FAILED
64,Antisymmetry,RecursiveGovernanceOperators,0.2175,0.2136,0.2048,0.1945,0.209,0.1972,0.2074,META-FAILED
80,Antisymmetry,RecursiveGovernanceOperators,0.1827,0.1749,0.1703,0.1675,0.1744,0.1669,0.1739,META-FAILED
96,Antisymmetry,RecursiveGovernanceOperators,0.1574,0.1488,0.1494,0.1396,0.1486,0.1429,0.1452,META-FAILED
1,Antisymmetry,InterEcologyBalancing,0.9043,0.8853,0.8299,0.809,0.8454,0.8229,0.8203,META-STABILIZED
2,Antisymmetry,InterEcologyBalancing,0.8607,0.8403,0.8082,0.7634,0.83,0.7798,0.7961,META-STABILIZED
4,Antisymmetry,InterEcologyBalancing,0.7794,0.7367,0.7191,0.6939,0.73,0.727,0.7231,META-COORDINATED
6,Antisymmetry,InterEcologyBalancing,0.727,0.6924,0.661,0.6661,0.6959,0.6522,0.6658,META-COORDINATED
8,Antisymmetry,InterEcologyBalancing,0.676,0.6373,0.6108,0.6123,0.6352,0.6046,0.6307,META-PARTIAL
12,Antisymmetry,InterEcologyBalancing,0.5764,0.5479,0.5462,0.5284,0.56,0.5369,0.5491,META-DEGRADING
16,Antisymmetry,InterEcologyBalancing,0.511,0.4833,0.4792,0.466,0.4876,0.4813,0.4675,META-DEGRADING
20,Antisymmetry,InterEcologyBalancing,0.459,0.4382,0.424,0.4088,0.4367,0.4303,0.4288,META-DEGRADING
24,Antisymmetry,InterEcologyBalancing,0.4167,0.4047,0.3856,0.3794,0.3941,0.3845,0.3872,META-DEGRADING
28,Antisymmetry,InterEcologyBalancing,0.3845,0.3754,0.355,0.3513,0.3594,0.3492,0.3531,META-FAILED
32,Antisymmetry,InterEcologyBalancing,0.357,0.3421,0.3234,0.3226,0.3296,0.3283,0.3325,META-FAILED
40,Antisymmetry,InterEcologyBalancing,0.3043,0.295,0.2862,0.2718,0.2889,0.278,0.2898,META-FAILED
48,Antisymmetry,InterEcologyBalancing,0.2671,0.2604,0.2476,0.2396,0.2548,0.2513,0.2436,META-FAILED
64,Antisymmetry,InterEcologyBalancing,0.2183,0.2102,0.2015,0.1924,0.2026,0.1957,0.197,META-FAILED
80,Antisymmetry,InterEcologyBalancing,0.1805,0.1761,0.1669,0.1653,0.1695,0.1693,0.1674,META-FAILED
96,Antisymmetry,InterEcologyBalancing,0.1555,0.1493,0.1458,0.1402,0.1521,0.143,0.1444,META-FAILED
1,Antisymmetry,DistributedOverheadRegulation,0.9003,0.8379,0.8169,0.8433,0.8281,0.8249,0.8364,META-STABILIZED
2,Antisymmetry,DistributedOverheadRegulation,0.8625,0.8189,0.7942,0.7934,0.8243,0.7889,0.7916,META-STABILIZED
4,Antisymmetry,DistributedOverheadRegulation,0.7642,0.7406,0.7273,0.7235,0.7185,0.7332,0.7281,META-COORDINATED
6,Antisymmetry,DistributedOverheadRegulation,0.7083,0.6724,0.6703,0.6598,0.6893,0.6648,0.6708,META-COORDINATED
8,Antisymmetry,DistributedOverheadRegulation,0.6498,0.6383,0.6076,0.6297,0.6177,0.6143,0.609,META-PARTIAL
12,Antisymmetry,DistributedOverheadRegulation,0.587,0.5496,0.5224,0.5473,0.5441,0.5279,0.5403,META-DEGRADING
16,Antisymmetry,DistributedOverheadRegulation,0.5105,0.4874,0.4758,0.4743,0.4886,0.4842,0.4631,META-DEGRADING
20,Antisymmetry,DistributedOverheadRegulation,0.4639,0.4432,0.4303,0.4228,0.4327,0.4257,0.4154,META-DEGRADING
24,Antisymmetry,DistributedOverheadRegulation,0.418,0.398,0.3882,0.393,0.3908,0.3959,0.3749,META-FAILED
28,Antisymmetry,DistributedOverheadRegulation,0.388,0.3634,0.3577,0.3633,0.3553,0.3546,0.3455,META-FAILED
32,Antisymmetry,DistributedOverheadRegulation,0.3499,0.338,0.3251,0.3274,0.324,0.3278,0.3227,META-FAILED
40,Antisymmetry,DistributedOverheadRegulation,0.3024,0.2948,0.2827,0.2826,0.2853,0.2812,0.2749,META-FAILED
48,Antisymmetry,DistributedOverheadRegulation,0.2685,0.2566,0.2521,0.2526,0.2565,0.2484,0.2445,META-FAILED
64,Antisymmetry,DistributedOverheadRegulation,0.2123,0.2041,0.197,0.2033,0.2019,0.2031,0.2004,META-FAILED
80,Antisymmetry,DistributedOverheadRegulation,0.1844,0.1725,0.1628,0.1664,0.167,0.1659,0.164,META-FAILED
96,Antisymmetry,DistributedOverheadRegulation,0.1576,0.1484,0.1412,0.1432,0.1497,0.1482,0.1438,META-FAILED
1,Antisymmetry,AdaptiveStabilizationOrchestration,0.9133,0.8777,0.8602,0.8449,0.8793,0.8652,0.8686,META-STABILIZED
2,Antisymmetry,AdaptiveStabilizationOrchestration,0.8607,0.8362,0.8041,0.7719,0.8058,0.8008,0.8164,META-STABILIZED
4,Antisymmetry,AdaptiveStabilizationOrchestration,0.8055,0.7791,0.7478,0.7275,0.7604,0.7228,0.7583,META-STABILIZED
6,Antisymmetry,AdaptiveStabilizationOrchestration,0.7336,0.696,0.6818,0.6602,0.6957,0.6849,0.6783,META-COORDINATED
8,Antisymmetry,AdaptiveStabilizationOrchestration,0.677,0.6687,0.6246,0.6226,0.6429,0.6373,0.632,META-COORDINATED
12,Antisymmetry,AdaptiveStabilizationOrchestration,0.5975,0.573,0.5413,0.5236,0.5511,0.5338,0.5615,META-PARTIAL
16,Antisymmetry,AdaptiveStabilizationOrchestration,0.516,0.4958,0.4815,0.4788,0.4943,0.4902,0.5042,META-DEGRADING
20,Antisymmetry,AdaptiveStabilizationOrchestration,0.4755,0.4439,0.4297,0.4283,0.4495,0.4267,0.4393,META-DEGRADING
24,Antisymmetry,AdaptiveStabilizationOrchestration,0.4374,0.4099,0.395,0.3841,0.4057,0.3979,0.3952,META-DEGRADING
28,Antisymmetry,AdaptiveStabilizationOrchestration,0.3876,0.3829,0.3634,0.3537,0.3692,0.3534,0.3637,META-FAILED
32,Antisymmetry,AdaptiveStabilizationOrchestration,0.3547,0.3507,0.3302,0.318,0.3467,0.3311,0.3373,META-FAILED
40,Antisymmetry,AdaptiveStabilizationOrchestration,0.3104,0.3003,0.289,0.2795,0.289,0.2846,0.2964,META-FAILED
48,Antisymmetry,AdaptiveStabilizationOrchestration,0.2809,0.2643,0.2569,0.244,0.2537,0.2519,0.2603,META-FAILED
64,Antisymmetry,AdaptiveStabilizationOrchestration,0.2232,0.2143,0.2067,0.2034,0.2091,0.2072,0.2096,META-FAILED
80,Antisymmetry,AdaptiveStabilizationOrchestration,0.1888,0.1822,0.1717,0.1628,0.1719,0.1736,0.1709,META-FAILED
96,Antisymmetry,AdaptiveStabilizationOrchestration,0.1601,0.1526,0.1487,0.1435,0.1529,0.1474,0.1509,META-FAILED
1,Antisymmetry,NullMetaNetworkControl,0.6848,0.6987,0.7026,0.6657,0.6726,0.6897,0.6757,META-COORDINATED
2,Antisymmetry,NullMetaNetworkControl,0.6662,0.6665,0.6465,0.6603,0.6531,0.6552,0.6377,META-COORDINATED
4,Antisymmetry,NullMetaNetworkControl,0.5956,0.5999,0.5806,0.6078,0.582,0.5999,0.5625,META-PARTIAL
6,Antisymmetry,NullMetaNetworkControl,0.573,0.5518,0.5609,0.5546,0.5362,0.5418,0.547,META-PARTIAL
8,Antisymmetry,NullMetaNetworkControl,0.5277,0.5148,0.5055,0.5035,0.5133,0.4936,0.4942,META-DEGRADING
12,Antisymmetry,NullMetaNetworkControl,0.4426,0.4477,0.4525,0.451,0.4297,0.4434,0.4266,META-DEGRADING
16,Antisymmetry,NullMetaNetworkControl,0.4028,0.3828,0.3899,0.3891,0.3968,0.377,0.3824,META-FAILED
20,Antisymmetry,NullMetaNetworkControl,0.3591,0.3559,0.3417,0.3582,0.3512,0.3388,0.347,META-FAILED
24,Antisymmetry,NullMetaNetworkControl,0.3185,0.3101,0.3124,0.3277,0.3135,0.3192,0.3032,META-FAILED
28,Antisymmetry,NullMetaNetworkControl,0.2942,0.3002,0.2897,0.2854,0.2881,0.2827,0.2798,META-FAILED
32,Antisymmetry,NullMetaNetworkControl,0.2823,0.2647,0.2679,0.2635,0.2674,0.2583,0.2617,META-FAILED
40,Antisymmetry,NullMetaNetworkControl,0.2351,0.239,0.2353,0.2275,0.2255,0.2344,0.2317,META-FAILED
48,Antisymmetry,NullMetaNetworkControl,0.2072,0.2034,0.2042,0.2057,0.2066,0.2058,0.2046,META-FAILED
64,Antisymmetry,NullMetaNetworkControl,0.1704,0.1671,0.1692,0.1668,0.1584,0.1626,0.1627,META-FAILED
80,Antisymmetry,NullMetaNetworkControl,0.1407,0.1412,0.1396,0.1395,0.1353,0.1335,0.137,META-FAILED
96,Antisymmetry,NullMetaNetworkControl,0.1215,0.1204,0.1162,0.1224,0.1181,0.1203,0.1124,META-FAILED
1,Neutral,HierarchicalStabilizationRouting,0.8442,0.7872,0.7605,0.7381,0.7817,0.7559,0.7582,META-STABILIZED
2,Neutral,HierarchicalStabilizationRouting,0.7998,0.7784,0.7452,0.7147,0.727,0.6999,0.7424,META-STABILIZED
4,Neutral,HierarchicalStabilizationRouting,0.71,0.7177,0.679,0.6456,0.6867,0.6638,0.6497,META-COORDINATED
6,Neutral,HierarchicalStabilizationRouting,0.6644,0.6523,0.6201,0.5934,0.6321,0.5904,0.6109,META-COORDINATED
8,Neutral,HierarchicalStabilizationRouting,0.6259,0.5982,0.576,0.5612,0.5875,0.5404,0.5677,META-PARTIAL
12,Neutral,HierarchicalStabilizationRouting,0.5451,0.525,0.5112,0.4805,0.5032,0.4817,0.5048,META-DEGRADING
16,Neutral,HierarchicalStabilizationRouting,0.4671,0.4548,0.4475,0.4179,0.4523,0.4219,0.4484,META-DEGRADING
20,Neutral,HierarchicalStabilizationRouting,0.4258,0.41,0.3945,0.3833,0.3975,0.3869,0.4006,META-DEGRADING
24,Neutral,HierarchicalStabilizationRouting,0.3839,0.3664,0.3644,0.3509,0.353,0.3509,0.3474,META-FAILED
28,Neutral,HierarchicalStabilizationRouting,0.3582,0.349,0.3222,0.3257,0.3236,0.3222,0.3298,META-FAILED
32,Neutral,HierarchicalStabilizationRouting,0.3286,0.3139,0.3042,0.2892,0.2972,0.2874,0.3028,META-FAILED
40,Neutral,HierarchicalStabilizationRouting,0.2758,0.269,0.2578,0.2476,0.2659,0.2473,0.2595,META-FAILED
48,Neutral,HierarchicalStabilizationRouting,0.2443,0.2462,0.2328,0.2267,0.2286,0.219,0.2335,META-FAILED
64,Neutral,HierarchicalStabilizationRouting,0.2003,0.1911,0.189,0.1834,0.1838,0.1836,0.1822,META-FAILED
80,Neutral,HierarchicalStabilizationRouting,0.1702,0.1654,0.1569,0.1471,0.1595,0.151,0.1524,META-FAILED
96,Neutral,HierarchicalStabilizationRouting,0.1471,0.1426,0.1329,0.131,0.1362,0.1272,0.1299,META-FAILED
1,Neutral,RecursiveGovernanceOperators,0.8603,0.8187,0.7966,0.7508,0.7772,0.7477,0.7891,META-STABILIZED
2,Neutral,RecursiveGovernanceOperators,0.7846,0.7694,0.7554,0.7107,0.7454,0.7342,0.7483,META-STABILIZED
4,Neutral,RecursiveGovernanceOperators,0.7233,0.7123,0.6879,0.6731,0.6753,0.6476,0.6605,META-COORDINATED
6,Neutral,RecursiveGovernanceOperators,0.6689,0.6415,0.6364,0.6005,0.6131,0.6122,0.6102,META-PARTIAL
8,Neutral,RecursiveGovernanceOperators,0.6115,0.601,0.5792,0.5691,0.5798,0.5614,0.5706,META-PARTIAL
12,Neutral,RecursiveGovernanceOperators,0.534,0.5349,0.4996,0.4751,0.5168,0.4911,0.5122,META-DEGRADING
16,Neutral,RecursiveGovernanceOperators,0.4797,0.4769,0.4544,0.422,0.4594,0.4274,0.4437,META-DEGRADING
20,Neutral,RecursiveGovernanceOperators,0.4356,0.4087,0.3999,0.394,0.404,0.3911,0.3898,META-DEGRADING
24,Neutral,RecursiveGovernanceOperators,0.3919,0.3745,0.3603,0.3504,0.3691,0.3555,0.3649,META-FAILED
28,Neutral,RecursiveGovernanceOperators,0.3617,0.3521,0.3318,0.3281,0.3297,0.328,0.3301,META-FAILED
32,Neutral,RecursiveGovernanceOperators,0.3293,0.3176,0.3037,0.2959,0.3047,0.3014,0.299,META-FAILED
40,Neutral,RecursiveGovernanceOperators,0.2867,0.2827,0.2602,0.2539,0.2626,0.2555,0.2576,META-FAILED
48,Neutral,RecursiveGovernanceOperators,0.254,0.2436,0.239,0.2217,0.2354,0.2197,0.2274,META-FAILED
64,Neutral,RecursiveGovernanceOperators,0.2065,0.1942,0.1931,0.1857,0.1885,0.1842,0.1897,META-FAILED
80,Neutral,RecursiveGovernanceOperators,0.1661,0.163,0.1625,0.1542,0.1613,0.1533,0.1576,META-FAILED
96,Neutral,RecursiveGovernanceOperators,0.148,0.1391,0.1368,0.1318,0.1395,0.128,0.1332,META-FAILED
1,Neutral,InterEcologyBalancing,0.8209,0.8066,0.7752,0.7498,0.782,0.7756,0.7802,META-STABILIZED
2,Neutral,InterEcologyBalancing,0.7992,0.7751,0.73,0.7329,0.7665,0.7199,0.7463,META-STABILIZED
4,Neutral,InterEcologyBalancing,0.7304,0.7087,0.6786,0.6565,0.6716,0.6463,0.6695,META-COORDINATED
6,Neutral,InterEcologyBalancing,0.6678,0.6444,0.634,0.592,0.636,0.5948,0.6059,META-PARTIAL
8,Neutral,InterEcologyBalancing,0.6274,0.5994,0.5791,0.5581,0.5763,0.5482,0.5566,META-PARTIAL
12,Neutral,InterEcologyBalancing,0.5519,0.5273,0.4952,0.4928,0.4968,0.4929,0.4928,META-DEGRADING
16,Neutral,InterEcologyBalancing,0.4864,0.4602,0.4519,0.4261,0.4514,0.4357,0.4407,META-DEGRADING
20,Neutral,InterEcologyBalancing,0.4341,0.4164,0.3907,0.3776,0.3946,0.3881,0.3843,META-DEGRADING
24,Neutral,InterEcologyBalancing,0.3843,0.3724,0.3567,0.3499,0.3631,0.3447,0.3543,META-FAILED
28,Neutral,InterEcologyBalancing,0.3532,0.3368,0.3232,0.3299,0.3349,0.3237,0.3328,META-FAILED
32,Neutral,InterEcologyBalancing,0.3241,0.3145,0.2981,0.2903,0.3025,0.3011,0.3007,META-FAILED
40,Neutral,InterEcologyBalancing,0.2865,0.2678,0.2672,0.2616,0.2668,0.2628,0.2605,META-FAILED
48,Neutral,InterEcologyBalancing,0.2449,0.2421,0.2318,0.2211,0.2336,0.2284,0.2335,META-FAILED
64,Neutral,InterEcologyBalancing,0.2052,0.1975,0.1875,0.1804,0.1848,0.1818,0.1875,META-FAILED
80,Neutral,InterEcologyBalancing,0.1699,0.1627,0.1558,0.1508,0.1592,0.1552,0.1578,META-FAILED
96,Neutral,InterEcologyBalancing,0.142,0.1405,0.1372,0.1315,0.1387,0.1318,0.1355,META-FAILED
1,Neutral,DistributedOverheadRegulation,0.8396,0.7823,0.7809,0.7767,0.7924,0.7623,0.7458,META-STABILIZED
2,Neutral,DistributedOverheadRegulation,0.7985,0.7468,0.7459,0.7442,0.7419,0.7286,0.7129,META-COORDINATED
4,Neutral,DistributedOverheadRegulation,0.7055,0.6863,0.6674,0.6582,0.6814,0.6637,0.6507,META-COORDINATED
6,Neutral,DistributedOverheadRegulation,0.6641,0.6377,0.6251,0.6193,0.6119,0.6133,0.5928,META-PARTIAL
8,Neutral,DistributedOverheadRegulation,0.6033,0.5919,0.5673,0.5658,0.5865,0.5555,0.5454,META-PARTIAL
12,Neutral,DistributedOverheadRegulation,0.5257,0.5075,0.4979,0.5072,0.5014,0.4922,0.4853,META-DEGRADING
16,Neutral,DistributedOverheadRegulation,0.4609,0.4492,0.4382,0.4391,0.4544,0.4263,0.4309,META-DEGRADING
20,Neutral,DistributedOverheadRegulation,0.4145,0.4077,0.3935,0.4001,0.3888,0.4002,0.3795,META-DEGRADING
24,Neutral,DistributedOverheadRegulation,0.3893,0.3639,0.3508,0.356,0.3623,0.3629,0.3479,META-FAILED
28,Neutral,DistributedOverheadRegulation,0.3442,0.3382,0.3249,0.3343,0.3251,0.321,0.3166,META-FAILED
32,Neutral,DistributedOverheadRegulation,0.3198,0.3163,0.3015,0.3031,0.3002,0.307,0.2967,META-FAILED
40,Neutral,DistributedOverheadRegulation,0.2738,0.2653,0.2535,0.2612,0.2672,0.2609,0.2507,META-FAILED
48,Neutral,DistributedOverheadRegulation,0.2412,0.2385,0.2325,0.2359,0.2347,0.2338,0.2247,META-FAILED
64,Neutral,DistributedOverheadRegulation,0.201,0.195,0.189,0.188,0.1821,0.1798,0.1867,META-FAILED
80,Neutral,DistributedOverheadRegulation,0.1705,0.157,0.1544,0.1566,0.1581,0.1561,0.1541,META-FAILED
96,Neutral,DistributedOverheadRegulation,0.1427,0.136,0.1313,0.1336,0.1349,0.133,0.134,META-FAILED
1,Neutral,AdaptiveStabilizationOrchestration,0.841,0.8221,0.8152,0.7459,0.7845,0.7884,0.7923,META-STABILIZED
2,Neutral,AdaptiveStabilizationOrchestration,0.8126,0.8031,0.7694,0.7323,0.7479,0.7386,0.7548,META-STABILIZED
4,Neutral,AdaptiveStabilizationOrchestration,0.7262,0.7312,0.6896,0.6633,0.6839,0.6587,0.7089,META-COORDINATED
6,Neutral,AdaptiveStabilizationOrchestration,0.6708,0.6451,0.629,0.6158,0.6425,0.6253,0.6217,META-PARTIAL
8,Neutral,AdaptiveStabilizationOrchestration,0.6166,0.6071,0.5884,0.5653,0.5822,0.5671,0.587,META-PARTIAL
12,Neutral,AdaptiveStabilizationOrchestration,0.5401,0.5231,0.511,0.5044,0.5062,0.4988,0.5007,META-DEGRADING
16,Neutral,AdaptiveStabilizationOrchestration,0.4919,0.4821,0.4656,0.4364,0.4594,0.4507,0.4622,META-DEGRADING
20,Neutral,AdaptiveStabilizationOrchestration,0.4389,0.4297,0.407,0.3832,0.4114,0.4003,0.3991,META-DEGRADING
24,Neutral,AdaptiveStabilizationOrchestration,0.403,0.3774,0.3784,0.3559,0.3652,0.3684,0.367,META-FAILED
28,Neutral,AdaptiveStabilizationOrchestration,0.3615,0.358,0.3454,0.3197,0.3309,0.3219,0.3418,META-FAILED
32,Neutral,AdaptiveStabilizationOrchestration,0.327,0.32,0.3173,0.2957,0.3173,0.3039,0.3135,META-FAILED
40,Neutral,AdaptiveStabilizationOrchestration,0.2924,0.2804,0.272,0.2609,0.2763,0.2596,0.2643,META-FAILED
48,Neutral,AdaptiveStabilizationOrchestration,0.2522,0.2502,0.2358,0.2239,0.238,0.2352,0.2356,META-FAILED
64,Neutral,AdaptiveStabilizationOrchestration,0.2081,0.2008,0.1875,0.1831,0.1939,0.1872,0.1878,META-FAILED
80,Neutral,AdaptiveStabilizationOrchestration,0.169,0.1698,0.1633,0.1561,0.1611,0.1532,0.1633,META-FAILED
96,Neutral,AdaptiveStabilizationOrchestration,0.1483,0.1411,0.1392,0.1315,0.138,0.1368,0.1411,META-FAILED
1,Neutral,NullMetaNetworkControl,0.6188,0.6291,0.6394,0.6087,0.6215,0.6194,0.5978,META-PARTIAL
2,Neutral,NullMetaNetworkControl,0.6066,0.6027,0.5806,0.6091,0.5607,0.5586,0.5797,META-PARTIAL
4,Neutral,NullMetaNetworkControl,0.5386,0.55,0.5271,0.5515,0.5405,0.5309,0.5275,META-PARTIAL
6,Neutral,NullMetaNetworkControl,0.5156,0.5021,0.4947,0.5132,0.4808,0.486,0.4788,META-DEGRADING
8,Neutral,NullMetaNetworkControl,0.4775,0.458,0.4767,0.472,0.44,0.4505,0.4501,META-DEGRADING
12,Neutral,NullMetaNetworkControl,0.4121,0.3954,0.4129,0.4056,0.3857,0.3844,0.3871,META-FAILED
16,Neutral,NullMetaNetworkControl,0.3563,0.3503,0.366,0.3676,0.3447,0.3573,0.3499,META-FAILED
20,Neutral,NullMetaNetworkControl,0.3173,0.3307,0.329,0.3269,0.3106,0.3086,0.3104,META-FAILED
24,Neutral,NullMetaNetworkControl,0.2847,0.2985,0.2864,0.2894,0.288,0.2856,0.2783,META-FAILED
28,Neutral,NullMetaNetworkControl,0.2752,0.2578,0.2602,0.2716,0.2561,0.2647,0.2507,META-FAILED
32,Neutral,NullMetaNetworkControl,0.2465,0.2497,0.2464,0.2461,0.2374,0.2335,0.2376,META-FAILED
40,Neutral,NullMetaNetworkControl,0.2126,0.2145,0.2105,0.2154,0.2104,0.2016,0.1984,META-FAILED
48,Neutral,NullMetaNetworkControl,0.194,0.19,0.1904,0.1867,0.176,0.1761,0.1743,META-FAILED
64,Neutral,NullMetaNetworkControl,0.1491,0.1474,0.1528,0.1539,0.1497,0.1466,0.1413,META-FAILED
80,Neutral,NullMetaNetworkControl,0.1282,0.1236,0.1272,0.1227,0.1264,0.1259,0.1241,META-FAILED
96,Neutral,NullMetaNetworkControl,0.1125,0.1064,0.1108,0.1088,0.1081,0.1027,0.1065,META-FAILED
1,Projection-Antisymmetry,HierarchicalStabilizationRouting,0.8312,0.8089,0.7712,0.7584,0.7952,0.7645,0.7536,META-STABILIZED
2,Projection-Antisymmetry,HierarchicalStabilizationRouting,0.8049,0.7856,0.7555,0.7035,0.7569,0.702,0.7139,META-STABILIZED
4,Projection-Antisymmetry,HierarchicalStabilizationRouting,0.7147,0.6838,0.6679,0.6578,0.6694,0.6436,0.6644,META-COORDINATED
6,Projection-Antisymmetry,HierarchicalStabilizationRouting,0.6613,0.6455,0.6314,0.6098,0.6257,0.597,0.6006,META-PARTIAL
8,Projection-Antisymmetry,HierarchicalStabilizationRouting,0.6294,0.5975,0.566,0.566,0.586,0.5651,0.5564,META-PARTIAL
12,Projection-Antisymmetry,HierarchicalStabilizationRouting,0.5461,0.5191,0.4959,0.4922,0.5006,0.4925,0.5006,META-DEGRADING
16,Projection-Antisymmetry,HierarchicalStabilizationRouting,0.4798,0.4711,0.4434,0.4259,0.4536,0.4302,0.4444,META-DEGRADING
20,Projection-Antisymmetry,HierarchicalStabilizationRouting,0.4331,0.41,0.4074,0.3848,0.4044,0.3805,0.4013,META-DEGRADING
24,Projection-Antisymmetry,HierarchicalStabilizationRouting,0.3954,0.3655,0.3542,0.3555,0.3634,0.3548,0.3636,META-FAILED
28,Projection-Antisymmetry,HierarchicalStabilizationRouting,0.3471,0.3471,0.3268,0.323,0.3221,0.3229,0.3259,META-FAILED
32,Projection-Antisymmetry,HierarchicalStabilizationRouting,0.3261,0.3165,0.3052,0.2988,0.3103,0.2961,0.295,META-FAILED
40,Projection-Antisymmetry,HierarchicalStabilizationRouting,0.2798,0.2789,0.268,0.2551,0.2601,0.2529,0.2582,META-FAILED
48,Projection-Antisymmetry,HierarchicalStabilizationRouting,0.2476,0.2371,0.2263,0.225,0.2261,0.2177,0.2304,META-FAILED
64,Projection-Antisymmetry,HierarchicalStabilizationRouting,0.2015,0.1952,0.1887,0.1813,0.1912,0.1808,0.1824,META-FAILED
80,Projection-Antisymmetry,HierarchicalStabilizationRouting,0.1648,0.1606,0.1566,0.1466,0.1581,0.1489,0.1524,META-FAILED
96,Projection-Antisymmetry,HierarchicalStabilizationRouting,0.1454,0.143,0.1345,0.1286,0.134,0.1293,0.1329,META-FAILED
1,Projection-Antisymmetry,RecursiveGovernanceOperators,0.8413,0.7996,0.7671,0.7699,0.7775,0.7563,0.7849,META-STABILIZED
2,Projection-Antisymmetry,RecursiveGovernanceOperators,0.8005,0.7761,0.7571,0.7087,0.7459,0.7133,0.7543,META-STABILIZED
4,Projection-Antisymmetry,RecursiveGovernanceOperators,0.7484,0.7155,0.6905,0.6605,0.6679,0.6413,0.6602,META-COORDINATED
6,Projection-Antisymmetry,RecursiveGovernanceOperators,0.6607,0.666,0.6397,0.6186,0.633,0.6053,0.6157,META-COORDINATED
8,Projection-Antisymmetry,RecursiveGovernanceOperators,0.6275,0.5899,0.5701,0.5623,0.5967,0.5712,0.5622,META-PARTIAL
12,Projection-Antisymmetry,RecursiveGovernanceOperators,0.5548,0.5386,0.5122,0.4752,0.5017,0.4974,0.4969,META-DEGRADING
16,Projection-Antisymmetry,RecursiveGovernanceOperators,0.4811,0.4612,0.4514,0.421,0.4488,0.4253,0.4381,META-DEGRADING
20,Projection-Antisymmetry,RecursiveGovernanceOperators,0.4229,0.4121,0.4022,0.3776,0.4022,0.3829,0.3939,META-DEGRADING
24,Projection-Antisymmetry,RecursiveGovernanceOperators,0.3966,0.3804,0.3679,0.3487,0.3701,0.3535,0.3676,META-FAILED
28,Projection-Antisymmetry,RecursiveGovernanceOperators,0.3529,0.3507,0.3426,0.3276,0.3282,0.3169,0.3345,META-FAILED
32,Projection-Antisymmetry,RecursiveGovernanceOperators,0.3373,0.3197,0.3093,0.2996,0.3035,0.2887,0.3029,META-FAILED
40,Projection-Antisymmetry,RecursiveGovernanceOperators,0.2841,0.2727,0.2707,0.2495,0.2692,0.2615,0.2675,META-FAILED
48,Projection-Antisymmetry,RecursiveGovernanceOperators,0.2554,0.247,0.2386,0.2225,0.2291,0.2239,0.2336,META-FAILED
64,Projection-Antisymmetry,RecursiveGovernanceOperators,0.206,0.1979,0.1894,0.182,0.1911,0.1827,0.1898,META-FAILED
80,Projection-Antisymmetry,RecursiveGovernanceOperators,0.1718,0.1648,0.1556,0.1554,0.1549,0.1548,0.1574,META-FAILED
96,Projection-Antisymmetry,RecursiveGovernanceOperators,0.1451,0.1445,0.1343,0.133,0.14,0.1317,0.1371,META-FAILED
1,Projection-Antisymmetry,InterEcologyBalancing,0.8333,0.7968,0.7602,0.7377,0.7748,0.7749,0.7459,META-STABILIZED
2,Projection-Antisymmetry,InterEcologyBalancing,0.7856,0.7861,0.7357,0.7038,0.7418,0.7018,0.7436,META-STABILIZED
4,Projection-Antisymmetry,InterEcologyBalancing,0.7406,0.7096,0.6828,0.6664,0.6866,0.6522,0.653,META-COORDINATED
6,Projection-Antisymmetry,InterEcologyBalancing,0.6732,0.6509,0.6242,0.6057,0.6335,0.5948,0.6009,META-COORDINATED
8,Projection-Antisymmetry,InterEcologyBalancing,0.622,0.596,0.5626,0.5674,0.5807,0.5608,0.5562,META-PARTIAL
12,Projection-Antisymmetry,InterEcologyBalancing,0.5387,0.5115,0.502,0.4779,0.5067,0.4955,0.4812,META-DEGRADING
16,Projection-Antisymmetry,InterEcologyBalancing,0.4817,0.4532,0.4395,0.4388,0.4559,0.4393,0.4381,META-DEGRADING
20,Projection-Antisymmetry,InterEcologyBalancing,0.4188,0.406,0.3904,0.3876,0.412,0.3798,0.3949,META-DEGRADING
24,Projection-Antisymmetry,InterEcologyBalancing,0.3964,0.3709,0.3534,0.3496,0.3571,0.3507,0.353,META-FAILED
28,Projection-Antisymmetry,InterEcologyBalancing,0.3488,0.3374,0.3325,0.3265,0.3332,0.3171,0.3341,META-FAILED
32,Projection-Antisymmetry,InterEcologyBalancing,0.3341,0.3233,0.2976,0.2997,0.3105,0.3012,0.2938,META-FAILED
40,Projection-Antisymmetry,InterEcologyBalancing,0.2851,0.2769,0.261,0.2534,0.2708,0.2628,0.2617,META-FAILED
48,Projection-Antisymmetry,InterEcologyBalancing,0.2532,0.2399,0.2317,0.2284,0.2343,0.2287,0.2249,META-FAILED
64,Projection-Antisymmetry,InterEcologyBalancing,0.1977,0.1918,0.1825,0.1828,0.1848,0.1811,0.1858,META-FAILED
80,Projection-Antisymmetry,InterEcologyBalancing,0.1684,0.1596,0.1527,0.1566,0.1608,0.1553,0.1565,META-FAILED
96,Projection-Antisymmetry,InterEcologyBalancing,0.147,0.1428,0.1358,0.1317,0.1391,0.1292,0.1353,META-FAILED
1,Projection-Antisymmetry,DistributedOverheadRegulation,0.8395,0.7992,0.7738,0.7646,0.7945,0.7823,0.7602,META-STABILIZED
2,Projection-Antisymmetry,DistributedOverheadRegulation,0.7692,0.7689,0.7252,0.7502,0.7327,0.7288,0.7186,META-STABILIZED
4,Projection-Antisymmetry,DistributedOverheadRegulation,0.7124,0.69,0.6691,0.6876,0.6664,0.6794,0.669,META-COORDINATED
6,Projection-Antisymmetry,DistributedOverheadRegulation,0.6551,0.6421,0.6199,0.6157,0.6061,0.6104,0.6182,META-PARTIAL
8,Projection-Antisymmetry,DistributedOverheadRegulation,0.6095,0.6009,0.5592,0.5727,0.5608,0.5719,0.5467,META-PARTIAL
12,Projection-Antisymmetry,DistributedOverheadRegulation,0.5353,0.5016,0.5042,0.4918,0.4988,0.4832,0.4911,META-DEGRADING
16,Projection-Antisymmetry,DistributedOverheadRegulation,0.4657,0.4531,0.4277,0.4426,0.4344,0.4309,0.4279,META-DEGRADING
20,Projection-Antisymmetry,DistributedOverheadRegulation,0.432,0.4011,0.3918,0.4076,0.4044,0.3896,0.3901,META-DEGRADING
24,Projection-Antisymmetry,DistributedOverheadRegulation,0.3778,0.3692,0.3541,0.3676,0.3545,0.3582,0.3583,META-FAILED
28,Projection-Antisymmetry,DistributedOverheadRegulation,0.3435,0.3346,0.3193,0.3236,0.3285,0.3302,0.3229,META-FAILED
32,Projection-Antisymmetry,DistributedOverheadRegulation,0.3233,0.3071,0.3037,0.3057,0.308,0.3016,0.2932,META-FAILED
40,Projection-Antisymmetry,DistributedOverheadRegulation,0.2857,0.271,0.2617,0.2659,0.2588,0.2553,0.2536,META-FAILED
48,Projection-Antisymmetry,DistributedOverheadRegulation,0.2425,0.2426,0.2277,0.2289,0.2339,0.2275,0.2312,META-FAILED
64,Projection-Antisymmetry,DistributedOverheadRegulation,0.1967,0.1882,0.1808,0.1833,0.1885,0.1813,0.1773,META-FAILED
80,Projection-Antisymmetry,DistributedOverheadRegulation,0.1703,0.163,0.155,0.1549,0.1571,0.1524,0.1547,META-FAILED
96,Projection-Antisymmetry,DistributedOverheadRegulation,0.1415,0.1372,0.1323,0.1351,0.1322,0.132,0.1286,META-FAILED
1,Projection-Antisymmetry,AdaptiveStabilizationOrchestration,0.8661,0.8346,0.7881,0.7603,0.7785,0.7738,0.7776,META-STABILIZED
2,Projection-Antisymmetry,AdaptiveStabilizationOrchestration,0.8139,0.7732,0.7553,0.7134,0.7545,0.7251,0.7506,META-STABILIZED
4,Projection-Antisymmetry,AdaptiveStabilizationOrchestration,0.7321,0.7246,0.6765,0.6697,0.697,0.661,0.7018,META-COORDINATED
6,Projection-Antisymmetry,AdaptiveStabilizationOrchestration,0.6716,0.6673,0.6496,0.5981,0.6452,0.6265,0.6326,META-COORDINATED
8,Projection-Antisymmetry,AdaptiveStabilizationOrchestration,0.6232,0.6091,0.6023,0.5538,0.5832,0.5638,0.5877,META-PARTIAL
12,Projection-Antisymmetry,AdaptiveStabilizationOrchestration,0.554,0.5326,0.5145,0.4893,0.5144,0.4995,0.5101,META-DEGRADING
16,Projection-Antisymmetry,AdaptiveStabilizationOrchestration,0.4952,0.4654,0.4504,0.4265,0.4627,0.4484,0.4603,META-DEGRADING
20,Projection-Antisymmetry,AdaptiveStabilizationOrchestration,0.4412,0.4288,0.4048,0.388,0.4143,0.4077,0.4151,META-DEGRADING
24,Projection-Antisymmetry,AdaptiveStabilizationOrchestration,0.3919,0.39,0.3725,0.3527,0.377,0.3522,0.3793,META-FAILED
28,Projection-Antisymmetry,AdaptiveStabilizationOrchestration,0.3595,0.3553,0.3319,0.3194,0.3406,0.3382,0.3321,META-FAILED
32,Projection-Antisymmetry,AdaptiveStabilizationOrchestration,0.3285,0.3169,0.3095,0.307,0.3197,0.3045,0.3152,META-FAILED
40,Projection-Antisymmetry,AdaptiveStabilizationOrchestration,0.2854,0.2772,0.2636,0.2648,0.2702,0.2649,0.2634,META-FAILED
48,Projection-Antisymmetry,AdaptiveStabilizationOrchestration,0.2516,0.2523,0.2336,0.2235,0.2341,0.2269,0.2415,META-FAILED
64,Projection-Antisymmetry,AdaptiveStabilizationOrchestration,0.2008,0.2003,0.1898,0.1823,0.194,0.1844,0.1947,META-FAILED
80,Projection-Antisymmetry,AdaptiveStabilizationOrchestration,0.1755,0.1703,0.1574,0.1557,0.16,0.1587,0.1609,META-FAILED
96,Projection-Antisymmetry,AdaptiveStabilizationOrchestration,0.1478,0.1441,0.1381,0.1321,0.1417,0.1339,0.1359,META-FAILED
1,Projection-Antisymmetry,NullMetaNetworkControl,0.6381,0.6294,0.6385,0.6335,0.5986,0.5962,0.5892,META-PARTIAL
2,Projection-Antisymmetry,NullMetaNetworkControl,0.6073,0.5906,0.5829,0.6109,0.5868,0.5837,0.5616,META-PARTIAL
4,Projection-Antisymmetry,NullMetaNetworkControl,0.5497,0.5377,0.5588,0.5352,0.5112,0.5204,0.5346,META-DEGRADING
6,Projection-Antisymmetry,NullMetaNetworkControl,0.4921,0.5027,0.4974,0.503,0.4867,0.483,0.4823,META-DEGRADING
8,Projection-Antisymmetry,NullMetaNetworkControl,0.455,0.4639,0.4614,0.4605,0.4486,0.4518,0.4386,META-DEGRADING
12,Projection-Antisymmetry,NullMetaNetworkControl,0.4167,0.41,0.4156,0.4087,0.4022,0.3901,0.383,META-DEGRADING
16,Projection-Antisymmetry,NullMetaNetworkControl,0.3548,0.3474,0.3572,0.3645,0.3434,0.3569,0.346,META-FAILED
20,Projection-Antisymmetry,NullMetaNetworkControl,0.3279,0.324,0.3179,0.3144,0.3023,0.3051,0.3138,META-FAILED
24,Projection-Antisymmetry,NullMetaNetworkControl,0.2971,0.2977,0.2945,0.2952,0.2803,0.2858,0.2721,META-FAILED
28,Projection-Antisymmetry,NullMetaNetworkControl,0.2655,0.2624,0.2639,0.2604,0.2543,0.2514,0.2499,META-FAILED
32,Projection-Antisymmetry,NullMetaNetworkControl,0.2459,0.2379,0.2462,0.247,0.2377,0.2337,0.2384,META-FAILED
40,Projection-Antisymmetry,NullMetaNetworkControl,0.2077,0.2089,0.2094,0.2138,0.2026,0.1986,0.199,META-FAILED
48,Projection-Antisymmetry,NullMetaNetworkControl,0.1904,0.1828,0.191,0.1812,0.1839,0.1748,0.174,META-FAILED
64,Projection-Antisymmetry,NullMetaNetworkControl,0.1497,0.1536,0.154,0.151,0.1475,0.1432,0.1469,META-FAILED
80,Projection-Antisymmetry,NullMetaNetworkControl,0.1236,0.1255,0.1261,0.1232,0.1241,0.1183,0.1199,META-FAILED
96,Projection-Antisymmetry,NullMetaNetworkControl,0.107,0.1067,0.1087,0.1102,0.1037,0.102,0.1058,META-FAILED
1,Projection-Neutral,HierarchicalStabilizationRouting,0.8294,0.7984,0.7598,0.7608,0.7733,0.7609,0.7469,META-STABILIZED
2,Projection-Neutral,HierarchicalStabilizationRouting,0.8052,0.7525,0.7545,0.7105,0.7419,0.6954,0.7118,META-STABILIZED
4,Projection-Neutral,HierarchicalStabilizationRouting,0.7251,0.7117,0.6889,0.6451,0.6761,0.6424,0.6734,META-COORDINATED
6,Projection-Neutral,HierarchicalStabilizationRouting,0.6735,0.6376,0.6084,0.6121,0.6263,0.6066,0.6067,META-PARTIAL
8,Projection-Neutral,HierarchicalStabilizationRouting,0.6058,0.5896,0.5599,0.5489,0.5881,0.5429,0.5583,META-PARTIAL
12,Projection-Neutral,HierarchicalStabilizationRouting,0.5402,0.5326,0.5118,0.477,0.4977,0.4937,0.4909,META-DEGRADING
16,Projection-Neutral,HierarchicalStabilizationRouting,0.4763,0.4647,0.4336,0.4285,0.4346,0.4201,0.4417,META-DEGRADING
20,Projection-Neutral,HierarchicalStabilizationRouting,0.4358,0.4131,0.3997,0.3904,0.3915,0.3826,0.3861,META-DEGRADING
24,Projection-Neutral,HierarchicalStabilizationRouting,0.3887,0.3791,0.3655,0.3462,0.3673,0.3389,0.3579,META-FAILED
28,Projection-Neutral,HierarchicalStabilizationRouting,0.3592,0.3399,0.3345,0.3139,0.338,0.3107,0.3313,META-FAILED
32,Projection-Neutral,HierarchicalStabilizationRouting,0.3197,0.3131,0.3104,0.2857,0.297,0.2984,0.2945,META-FAILED
40,Projection-Neutral,HierarchicalStabilizationRouting,0.2874,0.2753,0.2677,0.2573,0.2669,0.253,0.2541,META-FAILED
48,Projection-Neutral,HierarchicalStabilizationRouting,0.2473,0.2385,0.2364,0.2274,0.2315,0.2175,0.2314,META-FAILED
64,Projection-Neutral,HierarchicalStabilizationRouting,0.198,0.1939,0.1891,0.1774,0.1887,0.1821,0.1814,META-FAILED
80,Projection-Neutral,HierarchicalStabilizationRouting,0.1678,0.1665,0.1543,0.1537,0.1583,0.1523,0.152,META-FAILED
96,Projection-Neutral,HierarchicalStabilizationRouting,0.1464,0.1424,0.1337,0.1291,0.1356,0.1284,0.13,META-FAILED
1,Projection-Neutral,RecursiveGovernanceOperators,0.8286,0.8165,0.7667,0.7625,0.7809,0.7715,0.7671,META-STABILIZED
2,Projection-Neutral,RecursiveGovernanceOperators,0.7893,0.7629,0.7485,0.7113,0.751,0.7264,0.737,META-STABILIZED
4,Projection-Neutral,RecursiveGovernanceOperators,0.7393,0.7138,0.6841,0.6456,0.6825,0.6409,0.6663,META-COORDINATED
6,Projection-Neutral,RecursiveGovernanceOperators,0.6735,0.6402,0.6444,0.5912,0.6253,0.6087,0.6058,META-PARTIAL
8,Projection-Neutral,RecursiveGovernanceOperators,0.625,0.6102,0.5881,0.545,0.5868,0.5699,0.5702,META-PARTIAL
12,Projection-Neutral,RecursiveGovernanceOperators,0.555,0.5138,0.504,0.4974,0.4995,0.4803,0.5056,META-DEGRADING
16,Projection-Neutral,RecursiveGovernanceOperators,0.4782,0.4682,0.4441,0.4216,0.4426,0.4232,0.4377,META-DEGRADING
20,Projection-Neutral,RecursiveGovernanceOperators,0.4262,0.4194,0.4047,0.3914,0.4069,0.3856,0.3892,META-DEGRADING
24,Projection-Neutral,RecursiveGovernanceOperators,0.3881,0.3778,0.3654,0.3458,0.3562,0.3524,0.3636,META-FAILED
28,Projection-Neutral,RecursiveGovernanceOperators,0.3625,0.3517,0.3327,0.3235,0.3393,0.3238,0.3285,META-FAILED
32,Projection-Neutral,RecursiveGovernanceOperators,0.3237,0.3265,0.311,0.2894,0.3076,0.2915,0.3099,META-FAILED
40,Projection-Neutral,RecursiveGovernanceOperators,0.2812,0.2751,0.271,0.2575,0.2676,0.2592,0.2631,META-FAILED
48,Projection-Neutral,RecursiveGovernanceOperators,0.2469,0.2455,0.2312,0.2269,0.238,0.2208,0.2261,META-FAILED
64,Projection-Neutral,RecursiveGovernanceOperators,0.2016,0.2004,0.1875,0.1853,0.1872,0.1774,0.1872,META-FAILED
80,Projection-Neutral,RecursiveGovernanceOperators,0.1693,0.1654,0.1594,0.1491,0.1602,0.1528,0.1576,META-FAILED
96,Projection-Neutral,RecursiveGovernanceOperators,0.1494,0.1445,0.1356,0.1341,0.1377,0.1286,0.1338,META-FAILED
1,Projection-Neutral,InterEcologyBalancing,0.852,0.7965,0.7813,0.7549,0.8002,0.7623,0.7671,META-STABILIZED
2,Projection-Neutral,InterEcologyBalancing,0.7932,0.7561,0.737,0.7299,0.766,0.7147,0.7284,META-STABILIZED
4,Projection-Neutral,InterEcologyBalancing,0.7445,0.7112,0.6763,0.6672,0.6687,0.6442,0.6823,META-COORDINATED
6,Projection-Neutral,InterEcologyBalancing,0.6707,0.6573,0.6332,0.6205,0.6384,0.5901,0.5986,META-COORDINATED
8,Projection-Neutral,InterEcologyBalancing,0.6198,0.6027,0.564,0.5486,0.5769,0.5452,0.5529,META-PARTIAL
12,Projection-Neutral,InterEcologyBalancing,0.5382,0.5265,0.5103,0.4967,0.5131,0.4977,0.5005,META-DEGRADING
16,Projection-Neutral,InterEcologyBalancing,0.4847,0.4531,0.4515,0.4321,0.4411,0.4208,0.4424,META-DEGRADING
20,Projection-Neutral,InterEcologyBalancing,0.4372,0.4212,0.3982,0.3821,0.4109,0.3784,0.3981,META-DEGRADING
24,Projection-Neutral,InterEcologyBalancing,0.3819,0.3788,0.3684,0.346,0.3601,0.3606,0.3611,META-FAILED
28,Projection-Neutral,InterEcologyBalancing,0.3507,0.3403,0.3372,0.3223,0.3312,0.3135,0.3179,META-FAILED
32,Projection-Neutral,InterEcologyBalancing,0.3287,0.3215,0.2991,0.2937,0.3126,0.2942,0.2953,META-FAILED
40,Projection-Neutral,InterEcologyBalancing,0.2859,0.2772,0.2597,0.2571,0.2637,0.2573,0.2611,META-FAILED
48,Projection-Neutral,InterEcologyBalancing,0.2524,0.241,0.2285,0.223,0.2306,0.2262,0.2243,META-FAILED
64,Projection-Neutral,InterEcologyBalancing,0.2049,0.196,0.1896,0.1818,0.1882,0.1813,0.1875,META-FAILED
80,Projection-Neutral,InterEcologyBalancing,0.1669,0.1642,0.1562,0.1566,0.1625,0.1534,0.1578,META-FAILED
96,Projection-Neutral,InterEcologyBalancing,0.1467,0.141,0.1359,0.1302,0.1362,0.1339,0.1344,META-FAILED
1,Projection-Neutral,DistributedOverheadRegulation,0.8269,0.7812,0.7677,0.7935,0.7898,0.7474,0.7749,META-STABILIZED
2,Projection-Neutral,DistributedOverheadRegulation,0.7778,0.7611,0.7335,0.7292,0.7367,0.7342,0.7286,META-STABILIZED
4,Projection-Neutral,DistributedOverheadRegulation,0.7274,0.6809,0.6494,0.6661,0.666,0.6539,0.646,META-COORDINATED
6,Projection-Neutral,DistributedOverheadRegulation,0.6744,0.648,0.6037,0.6308,0.6203,0.6138,0.609,META-PARTIAL
8,Projection-Neutral,DistributedOverheadRegulation,0.6268,0.5988,0.555,0.5743,0.5635,0.5728,0.5521,META-PARTIAL
12,Projection-Neutral,DistributedOverheadRegulation,0.5297,0.5058,0.4975,0.4986,0.5078,0.4869,0.4915,META-DEGRADING
16,Projection-Neutral,DistributedOverheadRegulation,0.4709,0.4533,0.4436,0.4535,0.439,0.4429,0.4277,META-DEGRADING
20,Projection-Neutral,DistributedOverheadRegulation,0.4224,0.4013,0.3897,0.3936,0.3952,0.3894,0.387,META-DEGRADING
24,Projection-Neutral,DistributedOverheadRegulation,0.3902,0.3764,0.3565,0.3652,0.3696,0.3537,0.3446,META-FAILED
28,Projection-Neutral,DistributedOverheadRegulation,0.3446,0.3456,0.3323,0.3289,0.3219,0.3337,0.3235,META-FAILED
32,Projection-Neutral,DistributedOverheadRegulation,0.3177,0.3111,0.2934,0.3087,0.3094,0.3075,0.2912,META-FAILED
40,Projection-Neutral,DistributedOverheadRegulation,0.2788,0.276,0.2616,0.2647,0.2623,0.2539,0.2617,META-FAILED
48,Projection-Neutral,DistributedOverheadRegulation,0.2465,0.2386,0.2243,0.2334,0.2263,0.2302,0.2265,META-FAILED
64,Projection-Neutral,DistributedOverheadRegulation,0.1964,0.1904,0.1861,0.1896,0.1848,0.1825,0.1815,META-FAILED
80,Projection-Neutral,DistributedOverheadRegulation,0.1642,0.1618,0.1539,0.1552,0.159,0.1569,0.1495,META-FAILED
96,Projection-Neutral,DistributedOverheadRegulation,0.1415,0.1381,0.1302,0.1376,0.1371,0.1316,0.1302,META-FAILED
1,Projection-Neutral,AdaptiveStabilizationOrchestration,0.8391,0.8327,0.7965,0.7767,0.8081,0.7695,0.8045,META-STABILIZED
2,Projection-Neutral,AdaptiveStabilizationOrchestration,0.8039,0.8026,0.7503,0.7314,0.7552,0.7486,0.7536,META-STABILIZED
4,Projection-Neutral,AdaptiveStabilizationOrchestration,0.7379,0.7078,0.6881,0.6781,0.6844,0.682,0.7037,META-COORDINATED
6,Projection-Neutral,AdaptiveStabilizationOrchestration,0.6866,0.6501,0.6328,0.6272,0.6501,0.6048,0.6467,META-COORDINATED
8,Projection-Neutral,AdaptiveStabilizationOrchestration,0.6306,0.623,0.5843,0.5661,0.5857,0.5644,0.5952,META-PARTIAL
12,Projection-Neutral,AdaptiveStabilizationOrchestration,0.559,0.5218,0.5102,0.4933,0.5137,0.4948,0.5097,META-DEGRADING
16,Projection-Neutral,AdaptiveStabilizationOrchestration,0.4977,0.4634,0.4455,0.4413,0.4659,0.4367,0.4592,META-DEGRADING
20,Projection-Neutral,AdaptiveStabilizationOrchestration,0.4404,0.4224,0.4123,0.3978,0.4101,0.3929,0.3996,META-DEGRADING
24,Projection-Neutral,AdaptiveStabilizationOrchestration,0.3877,0.3751,0.3676,0.3483,0.361,0.3601,0.3741,META-FAILED
28,Projection-Neutral,AdaptiveStabilizationOrchestration,0.3624,0.3437,0.3333,0.3196,0.3319,0.3322,0.3399,META-FAILED
32,Projection-Neutral,AdaptiveStabilizationOrchestration,0.3398,0.3242,0.3116,0.3037,0.3084,0.3114,0.3098,META-FAILED
40,Projection-Neutral,AdaptiveStabilizationOrchestration,0.2843,0.2825,0.2721,0.2654,0.2701,0.2633,0.2749,META-FAILED
48,Projection-Neutral,AdaptiveStabilizationOrchestration,0.2595,0.2494,0.2368,0.2275,0.2329,0.2369,0.2328,META-FAILED
64,Projection-Neutral,AdaptiveStabilizationOrchestration,0.2083,0.1974,0.1958,0.1862,0.1884,0.184,0.1939,META-FAILED
80,Projection-Neutral,AdaptiveStabilizationOrchestration,0.1703,0.1651,0.1589,0.158,0.1635,0.1548,0.1611,META-FAILED
96,Projection-Neutral,AdaptiveStabilizationOrchestration,0.1512,0.1423,0.1372,0.1338,0.1374,0.1332,0.1393,META-FAILED
1,Projection-Neutral,NullMetaNetworkControl,0.6271,0.6361,0.6255,0.6123,0.5886,0.6073,0.5987,META-PARTIAL
2,Projection-Neutral,NullMetaNetworkControl,0.6055,0.5901,0.5785,0.6019,0.5766,0.5687,0.571,META-PARTIAL
4,Projection-Neutral,NullMetaNetworkControl,0.5456,0.5451,0.5393,0.5596,0.5109,0.5232,0.5167,META-DEGRADING
6,Projection-Neutral,NullMetaNetworkControl,0.5107,0.5012,0.5036,0.4934,0.4938,0.4875,0.4893,META-DEGRADING
8,Projection-Neutral,NullMetaNetworkControl,0.4812,0.4673,0.4616,0.4596,0.4499,0.4562,0.4437,META-DEGRADING
12,Projection-Neutral,NullMetaNetworkControl,0.3982,0.3923,0.416,0.3983,0.3887,0.3873,0.3894,META-FAILED
16,Projection-Neutral,NullMetaNetworkControl,0.3505,0.349,0.3621,0.3598,0.3532,0.34,0.351,META-FAILED
20,Projection-Neutral,NullMetaNetworkControl,0.3186,0.3272,0.3228,0.3279,0.3104,0.3164,0.2952,META-FAILED
24,Projection-Neutral,NullMetaNetworkControl,0.2898,0.2909,0.289,0.2998,0.2865,0.2764,0.2696,META-FAILED
28,Projection-Neutral,NullMetaNetworkControl,0.2631,0.2706,0.263,0.2705,0.2605,0.2543,0.259,META-FAILED
32,Projection-Neutral,NullMetaNetworkControl,0.2473,0.2383,0.2517,0.2402,0.2352,0.2422,0.2313,META-FAILED
40,Projection-Neutral,NullMetaNetworkControl,0.2134,0.2116,0.2059,0.2113,0.2039,0.2092,0.2001,META-FAILED
48,Projection-Neutral,NullMetaNetworkControl,0.1896,0.1868,0.1915,0.1824,0.1813,0.1865,0.1728,META-FAILED
64,Projection-Neutral,NullMetaNetworkControl,0.15,0.1463,0.1508,0.1488,0.1461,0.1484,0.1465,META-FAILED
80,Projection-Neutral,NullMetaNetworkControl,0.1265,0.1243,0.1264,0.1301,0.1215,0.1197,0.1226,META-FAILED
96,Projection-Neutral,NullMetaNetworkControl,0.1132,0.1086,0.1086,0.1093,0.1071,0.1051,0.1056,META-FAILED
1,Antisymmetry-Neutral,HierarchicalStabilizationRouting,0.8323,0.7918,0.7743,0.734,0.7677,0.7281,0.7804,META-STABILIZED
2,Antisymmetry-Neutral,HierarchicalStabilizationRouting,0.8001,0.7832,0.7349,0.7215,0.7246,0.7093,0.7123,META-STABILIZED
4,Antisymmetry-Neutral,HierarchicalStabilizationRouting,0.7303,0.697,0.6571,0.6433,0.6573,0.6342,0.6676,META-COORDINATED
6,Antisymmetry-Neutral,HierarchicalStabilizationRouting,0.6512,0.6426,0.623,0.5956,0.6283,0.6115,0.6168,META-PARTIAL
8,Antisymmetry-Neutral,HierarchicalStabilizationRouting,0.6052,0.596,0.5657,0.5526,0.5694,0.559,0.5809,META-PARTIAL
12,Antisymmetry-Neutral,HierarchicalStabilizationRouting,0.5375,0.5212,0.4973,0.4698,0.4887,0.4801,0.5019,META-DEGRADING
16,Antisymmetry-Neutral,HierarchicalStabilizationRouting,0.4811,0.4625,0.4339,0.4201,0.4468,0.4156,0.4333,META-DEGRADING
20,Antisymmetry-Neutral,HierarchicalStabilizationRouting,0.4337,0.4232,0.3936,0.3892,0.3933,0.3887,0.3839,META-DEGRADING
24,Antisymmetry-Neutral,HierarchicalStabilizationRouting,0.3782,0.3751,0.3605,0.3493,0.3641,0.3492,0.3619,META-FAILED
28,Antisymmetry-Neutral,HierarchicalStabilizationRouting,0.3559,0.3386,0.3323,0.3106,0.331,0.3208,0.3196,META-FAILED
32,Antisymmetry-Neutral,HierarchicalStabilizationRouting,0.3312,0.3213,0.2974,0.2933,0.3,0.295,0.2975,META-FAILED
40,Antisymmetry-Neutral,HierarchicalStabilizationRouting,0.2867,0.2735,0.2589,0.2535,0.2602,0.2463,0.2535,META-FAILED
48,Antisymmetry-Neutral,HierarchicalStabilizationRouting,0.2447,0.2456,0.236,0.2209,0.2295,0.2245,0.231,META-FAILED
64,Antisymmetry-Neutral,HierarchicalStabilizationRouting,0.2025,0.1981,0.187,0.1779,0.185,0.1821,0.1893,META-FAILED
80,Antisymmetry-Neutral,HierarchicalStabilizationRouting,0.164,0.1625,0.1575,0.149,0.1582,0.1527,0.1578,META-FAILED
96,Antisymmetry-Neutral,HierarchicalStabilizationRouting,0.1411,0.1393,0.1358,0.13,0.1321,0.1292,0.1305,META-FAILED
1,Antisymmetry-Neutral,RecursiveGovernanceOperators,0.8346,0.8133,0.7993,0.7681,0.7987,0.7427,0.7653,META-STABILIZED
2,Antisymmetry-Neutral,RecursiveGovernanceOperators,0.818,0.7671,0.7321,0.7306,0.7391,0.73,0.7397,META-STABILIZED
4,Antisymmetry-Neutral,RecursiveGovernanceOperators,0.7178,0.6953,0.6963,0.6478,0.6898,0.6672,0.6837,META-COORDINATED
6,Antisymmetry-Neutral,RecursiveGovernanceOperators,0.662,0.6506,0.6395,0.6067,0.6357,0.6168,0.6251,META-COORDINATED
8,Antisymmetry-Neutral,RecursiveGovernanceOperators,0.6167,0.6075,0.5802,0.5452,0.5768,0.5545,0.5699,META-PARTIAL
12,Antisymmetry-Neutral,RecursiveGovernanceOperators,0.5332,0.5262,0.5021,0.4943,0.4969,0.4889,0.5093,META-DEGRADING
16,Antisymmetry-Neutral,RecursiveGovernanceOperators,0.4795,0.4771,0.4405,0.4221,0.4411,0.4261,0.4424,META-DEGRADING
20,Antisymmetry-Neutral,RecursiveGovernanceOperators,0.4275,0.4165,0.4,0.3796,0.3927,0.396,0.4054,META-DEGRADING
24,Antisymmetry-Neutral,RecursiveGovernanceOperators,0.3996,0.3831,0.3715,0.3475,0.3666,0.3539,0.3606,META-FAILED
28,Antisymmetry-Neutral,RecursiveGovernanceOperators,0.3551,0.343,0.3417,0.3208,0.3277,0.3177,0.3279,META-FAILED
32,Antisymmetry-Neutral,RecursiveGovernanceOperators,0.33,0.3224,0.3085,0.2982,0.3043,0.2956,0.2965,META-FAILED
40,Antisymmetry-Neutral,RecursiveGovernanceOperators,0.2828,0.2718,0.2623,0.2617,0.2648,0.2569,0.2577,META-FAILED
48,Antisymmetry-Neutral,RecursiveGovernanceOperators,0.2461,0.2426,0.237,0.2198,0.2326,0.2262,0.2291,META-FAILED
64,Antisymmetry-Neutral,RecursiveGovernanceOperators,0.2037,0.1979,0.1848,0.1825,0.1914,0.1864,0.1892,META-FAILED
80,Antisymmetry-Neutral,RecursiveGovernanceOperators,0.1672,0.1655,0.1594,0.1519,0.1564,0.1502,0.1542,META-FAILED
96,Antisymmetry-Neutral,RecursiveGovernanceOperators,0.1437,0.1412,0.136,0.1289,0.1369,0.1334,0.136,META-FAILED
1,Antisymmetry-Neutral,InterEcologyBalancing,0.8266,0.7912,0.7782,0.766,0.7749,0.7469,0.7798,META-STABILIZED
2,Antisymmetry-Neutral,InterEcologyBalancing,0.7961,0.7536,0.725,0.7177,0.742,0.7049,0.7417,META-STABILIZED
4,Antisymmetry-Neutral,InterEcologyBalancing,0.7192,0.703,0.6842,0.6558,0.687,0.668,0.6577,META-COORDINATED
6,Antisymmetry-Neutral,InterEcologyBalancing,0.6637,0.643,0.6214,0.6032,0.6218,0.6182,0.6149,META-PARTIAL
8,Antisymmetry-Neutral,InterEcologyBalancing,0.6124,0.5922,0.5701,0.5478,0.5904,0.5616,0.5588,META-PARTIAL
12,Antisymmetry-Neutral,InterEcologyBalancing,0.5479,0.5088,0.51,0.4941,0.5121,0.497,0.4816,META-DEGRADING
16,Antisymmetry-Neutral,InterEcologyBalancing,0.4813,0.4531,0.4492,0.4301,0.4582,0.4365,0.438,META-DEGRADING
20,Antisymmetry-Neutral,InterEcologyBalancing,0.4261,0.4053,0.3946,0.3843,0.4093,0.3943,0.391,META-DEGRADING
24,Antisymmetry-Neutral,InterEcologyBalancing,0.3855,0.3783,0.3609,0.3456,0.3706,0.3582,0.3627,META-FAILED
28,Antisymmetry-Neutral,InterEcologyBalancing,0.3617,0.3359,0.3235,0.3253,0.3339,0.3171,0.3199,META-FAILED
32,Antisymmetry-Neutral,InterEcologyBalancing,0.3341,0.3155,0.3047,0.2922,0.3142,0.2887,0.3002,META-FAILED
40,Antisymmetry-Neutral,InterEcologyBalancing,0.2808,0.2767,0.2567,0.2529,0.2667,0.2629,0.2632,META-FAILED
48,Antisymmetry-Neutral,InterEcologyBalancing,0.2538,0.2403,0.2258,0.2215,0.2402,0.2205,0.2243,META-FAILED
64,Antisymmetry-Neutral,InterEcologyBalancing,0.2051,0.1969,0.1881,0.1857,0.1852,0.1863,0.1841,META-FAILED
80,Antisymmetry-Neutral,InterEcologyBalancing,0.1677,0.1614,0.1577,0.1496,0.1584,0.1506,0.1568,META-FAILED
96,Antisymmetry-Neutral,InterEcologyBalancing,0.1483,0.1408,0.1352,0.132,0.1351,0.1296,0.1327,META-FAILED
1,Antisymmetry-Neutral,DistributedOverheadRegulation,0.8295,0.7807,0.766,0.7718,0.7817,0.7509,0.7466,META-STABILIZED
2,Antisymmetry-Neutral,DistributedOverheadRegulation,0.7812,0.7553,0.7346,0.7226,0.7282,0.7148,0.7256,META-STABILIZED
4,Antisymmetry-Neutral,DistributedOverheadRegulation,0.724,0.6862,0.668,0.684,0.6713,0.6765,0.64,META-COORDINATED
6,Antisymmetry-Neutral,DistributedOverheadRegulation,0.6493,0.6455,0.6231,0.6152,0.6075,0.6241,0.6145,META-PARTIAL
8,Antisymmetry-Neutral,DistributedOverheadRegulation,0.6256,0.5986,0.5689,0.5875,0.5665,0.5812,0.551,META-PARTIAL
12,Antisymmetry-Neutral,DistributedOverheadRegulation,0.5344,0.5183,0.5061,0.5019,0.5079,0.4918,0.4829,META-DEGRADING
16,Antisymmetry-Neutral,DistributedOverheadRegulation,0.4711,0.4563,0.4369,0.4354,0.4415,0.4407,0.4276,META-DEGRADING
20,Antisymmetry-Neutral,DistributedOverheadRegulation,0.4269,0.4134,0.3997,0.4073,0.3879,0.3891,0.3825,META-DEGRADING
24,Antisymmetry-Neutral,DistributedOverheadRegulation,0.3802,0.3736,0.3496,0.3563,0.3606,0.3571,0.3423,META-FAILED
28,Antisymmetry-Neutral,DistributedOverheadRegulation,0.3533,0.3333,0.328,0.3361,0.3223,0.3293,0.3179,META-FAILED
32,Antisymmetry-Neutral,DistributedOverheadRegulation,0.3166,0.309,0.3039,0.3094,0.303,0.3045,0.2913,META-FAILED
40,Antisymmetry-Neutral,DistributedOverheadRegulation,0.2734,0.2712,0.2533,0.2585,0.2585,0.2638,0.2516,META-FAILED
48,Antisymmetry-Neutral,DistributedOverheadRegulation,0.2519,0.234,0.2305,0.228,0.2302,0.2242,0.2285,META-FAILED
64,Antisymmetry-Neutral,DistributedOverheadRegulation,0.2003,0.1944,0.1849,0.1864,0.1842,0.1887,0.1787,META-FAILED
80,Antisymmetry-Neutral,DistributedOverheadRegulation,0.17,0.1614,0.1545,0.1529,0.1557,0.154,0.1519,META-FAILED
96,Antisymmetry-Neutral,DistributedOverheadRegulation,0.146,0.1416,0.1298,0.1323,0.137,0.1351,0.1331,META-FAILED
1,Antisymmetry-Neutral,AdaptiveStabilizationOrchestration,0.8384,0.8185,0.8061,0.785,0.7872,0.7819,0.7987,META-STABILIZED
2,Antisymmetry-Neutral,AdaptiveStabilizationOrchestration,0.7949,0.7842,0.748,0.725,0.7634,0.7402,0.7409,META-STABILIZED
4,Antisymmetry-Neutral,AdaptiveStabilizationOrchestration,0.7552,0.7069,0.6786,0.659,0.6841,0.6902,0.6895,META-COORDINATED
6,Antisymmetry-Neutral,AdaptiveStabilizationOrchestration,0.6818,0.6455,0.6504,0.6112,0.6523,0.6077,0.6346,META-PARTIAL
8,Antisymmetry-Neutral,AdaptiveStabilizationOrchestration,0.6421,0.619,0.5978,0.5805,0.5958,0.579,0.5794,META-PARTIAL
12,Antisymmetry-Neutral,AdaptiveStabilizationOrchestration,0.5594,0.5433,0.5225,0.5064,0.5191,0.4955,0.5231,META-DEGRADING
16,Antisymmetry-Neutral,AdaptiveStabilizationOrchestration,0.4891,0.4691,0.4585,0.4439,0.4496,0.4355,0.4572,META-DEGRADING
20,Antisymmetry-Neutral,AdaptiveStabilizationOrchestration,0.4447,0.4144,0.4144,0.3982,0.4039,0.3969,0.4127,META-DEGRADING
24,Antisymmetry-Neutral,AdaptiveStabilizationOrchestration,0.3984,0.3879,0.3739,0.3498,0.3745,0.3583,0.3735,META-FAILED
28,Antisymmetry-Neutral,AdaptiveStabilizationOrchestration,0.3707,0.3484,0.3367,0.333,0.3365,0.3367,0.3327,META-FAILED
32,Antisymmetry-Neutral,AdaptiveStabilizationOrchestration,0.3285,0.3193,0.3126,0.3077,0.3101,0.3097,0.3138,META-FAILED
40,Antisymmetry-Neutral,AdaptiveStabilizationOrchestration,0.2859,0.2795,0.272,0.2531,0.2685,0.2632,0.2656,META-FAILED
48,Antisymmetry-Neutral,AdaptiveStabilizationOrchestration,0.2509,0.2412,0.2383,0.2272,0.2364,0.2328,0.2397,META-FAILED
64,Antisymmetry-Neutral,AdaptiveStabilizationOrchestration,0.2021,0.1975,0.1878,0.1886,0.1961,0.1835,0.1955,META-FAILED
80,Antisymmetry-Neutral,AdaptiveStabilizationOrchestration,0.1757,0.1642,0.1617,0.1574,0.1646,0.1541,0.1635,META-FAILED
96,Antisymmetry-Neutral,AdaptiveStabilizationOrchestration,0.1473,0.1451,0.1369,0.133,0.141,0.1336,0.1387,META-FAILED
1,Antisymmetry-Neutral,NullMetaNetworkControl,0.6483,0.6435,0.6347,0.6108,0.6124,0.5979,0.5907,META-PARTIAL
2,Antisymmetry-Neutral,NullMetaNetworkControl,0.6149,0.6114,0.5873,0.6036,0.5919,0.5688,0.5733,META-PARTIAL
4,Antisymmetry-Neutral,NullMetaNetworkControl,0.5321,0.5453,0.5412,0.5526,0.5136,0.5222,0.5241,META-DEGRADING
6,Antisymmetry-Neutral,NullMetaNetworkControl,0.5163,0.5003,0.5084,0.5105,0.4747,0.4854,0.4687,META-DEGRADING
8,Antisymmetry-Neutral,NullMetaNetworkControl,0.459,0.4746,0.4639,0.4651,0.4529,0.4378,0.4372,META-DEGRADING
12,Antisymmetry-Neutral,NullMetaNetworkControl,0.4189,0.401,0.4077,0.4033,0.3914,0.3779,0.3886,META-DEGRADING
16,Antisymmetry-Neutral,NullMetaNetworkControl,0.354,0.3473,0.3586,0.3519,0.3367,0.3533,0.3378,META-FAILED
20,Antisymmetry-Neutral,NullMetaNetworkControl,0.3153,0.3169,0.3306,0.3254,0.3123,0.3193,0.313,META-FAILED
24,Antisymmetry-Neutral,NullMetaNetworkControl,0.2931,0.2946,0.2866,0.293,0.2843,0.2883,0.2846,META-FAILED
28,Antisymmetry-Neutral,NullMetaNetworkControl,0.2707,0.2694,0.2718,0.2668,0.2659,0.2598,0.2518,META-FAILED
32,Antisymmetry-Neutral,NullMetaNetworkControl,0.2548,0.2449,0.2452,0.251,0.2417,0.2321,0.2263,META-FAILED
40,Antisymmetry-Neutral,NullMetaNetworkControl,0.2127,0.2163,0.2077,0.2182,0.2058,0.205,0.2038,META-FAILED
48,Antisymmetry-Neutral,NullMetaNetworkControl,0.1848,0.1815,0.1908,0.182,0.1822,0.1835,0.1732,META-FAILED
64,Antisymmetry-Neutral,NullMetaNetworkControl,0.1503,0.1463,0.1522,0.1492,0.1438,0.1457,0.1401,META-FAILED
80,Antisymmetry-Neutral,NullMetaNetworkControl,0.127,0.1243,0.1224,0.1285,0.1217,0.1206,0.1242,META-FAILED
96,Antisymmetry-Neutral,NullMetaNetworkControl,0.1132,0.1109,0.106,0.1099,0.1024,0.1075,0.1022,META-FAILED
1,Projection-Antisymmetry-Neutral,HierarchicalStabilizationRouting,0.8472,0.8118,0.7756,0.7261,0.7836,0.7627,0.7602,META-STABILIZED
2,Projection-Antisymmetry-Neutral,HierarchicalStabilizationRouting,0.8025,0.7501,0.7484,0.7187,0.7442,0.7061,0.7176,META-STABILIZED
4,Projection-Antisymmetry-Neutral,HierarchicalStabilizationRouting,0.7387,0.7133,0.6769,0.6483,0.6783,0.6543,0.6686,META-COORDINATED
6,Projection-Antisymmetry-Neutral,HierarchicalStabilizationRouting,0.6694,0.6399,0.6051,0.6087,0.6329,0.6037,0.6014,META-PARTIAL
8,Projection-Antisymmetry-Neutral,HierarchicalStabilizationRouting,0.6182,0.6081,0.5737,0.5481,0.5617,0.5428,0.5746,META-PARTIAL
12,Projection-Antisymmetry-Neutral,HierarchicalStabilizationRouting,0.5335,0.5313,0.4952,0.488,0.5111,0.4777,0.4968,META-DEGRADING
16,Projection-Antisymmetry-Neutral,HierarchicalStabilizationRouting,0.4799,0.4707,0.4328,0.4203,0.4397,0.4273,0.4478,META-DEGRADING
20,Projection-Antisymmetry-Neutral,HierarchicalStabilizationRouting,0.4222,0.4092,0.3992,0.3881,0.3983,0.3783,0.3877,META-DEGRADING
24,Projection-Antisymmetry-Neutral,HierarchicalStabilizationRouting,0.385,0.3734,0.3676,0.3422,0.352,0.3397,0.3474,META-FAILED
28,Projection-Antisymmetry-Neutral,HierarchicalStabilizationRouting,0.3595,0.3441,0.3359,0.3113,0.3289,0.3213,0.3301,META-FAILED
32,Projection-Antisymmetry-Neutral,HierarchicalStabilizationRouting,0.3276,0.3121,0.299,0.2868,0.2987,0.2902,0.2947,META-FAILED
40,Projection-Antisymmetry-Neutral,HierarchicalStabilizationRouting,0.2801,0.2675,0.262,0.2509,0.2634,0.2534,0.2568,META-FAILED
48,Projection-Antisymmetry-Neutral,HierarchicalStabilizationRouting,0.2463,0.2402,0.2353,0.2212,0.2349,0.2284,0.2241,META-FAILED
64,Projection-Antisymmetry-Neutral,HierarchicalStabilizationRouting,0.1957,0.1973,0.1853,0.1807,0.191,0.1769,0.1886,META-FAILED
80,Projection-Antisymmetry-Neutral,HierarchicalStabilizationRouting,0.1698,0.1633,0.1597,0.152,0.1556,0.1511,0.1533,META-FAILED
96,Projection-Antisymmetry-Neutral,HierarchicalStabilizationRouting,0.1446,0.138,0.1379,0.1267,0.1383,0.133,0.1365,META-FAILED
1,Projection-Antisymmetry-Neutral,RecursiveGovernanceOperators,0.8548,0.8222,0.7726,0.7592,0.7943,0.7372,0.7587,META-STABILIZED
2,Projection-Antisymmetry-Neutral,RecursiveGovernanceOperators,0.8136,0.7738,0.7633,0.7135,0.7625,0.7143,0.7376,META-STABILIZED
4,Projection-Antisymmetry-Neutral,RecursiveGovernanceOperators,0.7306,0.6989,0.6756,0.6638,0.6847,0.665,0.6906,META-COORDINATED
6,Projection-Antisymmetry-Neutral,RecursiveGovernanceOperators,0.6583,0.6621,0.6421,0.5889,0.631,0.6205,0.6239,META-COORDINATED
8,Projection-Antisymmetry-Neutral,RecursiveGovernanceOperators,0.611,0.6056,0.5726,0.5636,0.587,0.5593,0.5631,META-PARTIAL
12,Projection-Antisymmetry-Neutral,RecursiveGovernanceOperators,0.5507,0.5338,0.5005,0.4957,0.4996,0.49,0.4948,META-DEGRADING
16,Projection-Antisymmetry-Neutral,RecursiveGovernanceOperators,0.4742,0.4683,0.4413,0.4246,0.4489,0.4259,0.4521,META-DEGRADING
20,Projection-Antisymmetry-Neutral,RecursiveGovernanceOperators,0.4256,0.4271,0.3962,0.3886,0.4052,0.3969,0.3977,META-DEGRADING
24,Projection-Antisymmetry-Neutral,RecursiveGovernanceOperators,0.3952,0.3788,0.3646,0.3508,0.3695,0.3524,0.3693,META-FAILED
28,Projection-Antisymmetry-Neutral,RecursiveGovernanceOperators,0.359,0.3449,0.3267,0.328,0.3373,0.3165,0.3292,META-FAILED
32,Projection-Antisymmetry-Neutral,RecursiveGovernanceOperators,0.3354,0.314,0.303,0.2967,0.3125,0.2958,0.3065,META-FAILED
40,Projection-Antisymmetry-Neutral,RecursiveGovernanceOperators,0.288,0.2754,0.2598,0.2501,0.2607,0.2614,0.2683,META-FAILED
48,Projection-Antisymmetry-Neutral,RecursiveGovernanceOperators,0.2469,0.2438,0.2293,0.2298,0.2382,0.2299,0.2339,META-FAILED
64,Projection-Antisymmetry-Neutral,RecursiveGovernanceOperators,0.2042,0.1967,0.1899,0.1773,0.1883,0.1777,0.1882,META-FAILED
80,Projection-Antisymmetry-Neutral,RecursiveGovernanceOperators,0.1718,0.1634,0.1577,0.1566,0.1562,0.156,0.1536,META-FAILED
96,Projection-Antisymmetry-Neutral,RecursiveGovernanceOperators,0.1491,0.1453,0.1344,0.1343,0.1382,0.1287,0.1351,META-FAILED
1,Projection-Antisymmetry-Neutral,InterEcologyBalancing,0.8244,0.7874,0.7859,0.7706,0.8002,0.7534,0.753,META-STABILIZED
2,Projection-Antisymmetry-Neutral,InterEcologyBalancing,0.7916,0.7545,0.7262,0.7067,0.731,0.7215,0.737,META-STABILIZED
4,Projection-Antisymmetry-Neutral,InterEcologyBalancing,0.7397,0.7078,0.6848,0.6552,0.6968,0.6561,0.6671,META-COORDINATED
6,Projection-Antisymmetry-Neutral,InterEcologyBalancing,0.6592,0.6468,0.6293,0.6061,0.625,0.6022,0.5972,META-PARTIAL
8,Projection-Antisymmetry-Neutral,InterEcologyBalancing,0.6085,0.6085,0.5864,0.5664,0.5772,0.5658,0.566,META-PARTIAL
12,Projection-Antisymmetry-Neutral,InterEcologyBalancing,0.5296,0.5171,0.4887,0.4753,0.5059,0.4855,0.4978,META-DEGRADING
16,Projection-Antisymmetry-Neutral,InterEcologyBalancing,0.468,0.4697,0.4479,0.4268,0.4461,0.4398,0.4353,META-DEGRADING
20,Projection-Antisymmetry-Neutral,InterEcologyBalancing,0.4361,0.4045,0.3901,0.3955,0.4073,0.391,0.3837,META-DEGRADING
24,Projection-Antisymmetry-Neutral,InterEcologyBalancing,0.3971,0.3754,0.3546,0.3569,0.3649,0.346,0.3637,META-FAILED
28,Projection-Antisymmetry-Neutral,InterEcologyBalancing,0.348,0.35,0.3383,0.3242,0.3361,0.3226,0.3195,META-FAILED
32,Projection-Antisymmetry-Neutral,InterEcologyBalancing,0.3355,0.3107,0.3083,0.2901,0.3114,0.2905,0.293,META-FAILED
40,Projection-Antisymmetry-Neutral,InterEcologyBalancing,0.2835,0.2745,0.2644,0.2499,0.2603,0.2523,0.2571,META-FAILED
48,Projection-Antisymmetry-Neutral,InterEcologyBalancing,0.247,0.2436,0.2331,0.2265,0.2335,0.2277,0.2257,META-FAILED
64,Projection-Antisymmetry-Neutral,InterEcologyBalancing,0.2054,0.1985,0.1901,0.1854,0.1871,0.1777,0.1838,META-FAILED
80,Projection-Antisymmetry-Neutral,InterEcologyBalancing,0.1662,0.1615,0.1596,0.1496,0.1568,0.1546,0.1548,META-FAILED
96,Projection-Antisymmetry-Neutral,InterEcologyBalancing,0.1475,0.1382,0.1316,0.1315,0.1401,0.1324,0.1327,META-FAILED
1,Projection-Antisymmetry-Neutral,DistributedOverheadRegulation,0.8202,0.8107,0.7835,0.7851,0.7925,0.7852,0.7469,META-STABILIZED
2,Projection-Antisymmetry-Neutral,DistributedOverheadRegulation,0.7692,0.7719,0.7367,0.7367,0.7486,0.7297,0.7012,META-STABILIZED
4,Projection-Antisymmetry-Neutral,DistributedOverheadRegulation,0.7346,0.7048,0.6548,0.6702,0.6746,0.6804,0.6564,META-COORDINATED
6,Projection-Antisymmetry-Neutral,DistributedOverheadRegulation,0.659,0.6505,0.5995,0.6196,0.6202,0.608,0.6041,META-PARTIAL
8,Projection-Antisymmetry-Neutral,DistributedOverheadRegulation,0.5978,0.5907,0.5528,0.5806,0.5786,0.5655,0.5741,META-PARTIAL
12,Projection-Antisymmetry-Neutral,DistributedOverheadRegulation,0.5233,0.5253,0.4823,0.5098,0.5125,0.5004,0.489,META-DEGRADING
16,Projection-Antisymmetry-Neutral,DistributedOverheadRegulation,0.4697,0.4469,0.4365,0.4535,0.4349,0.4486,0.4324,META-DEGRADING
20,Projection-Antisymmetry-Neutral,DistributedOverheadRegulation,0.4194,0.4142,0.3991,0.391,0.4002,0.398,0.384,META-DEGRADING
24,Projection-Antisymmetry-Neutral,DistributedOverheadRegulation,0.3789,0.3609,0.3551,0.3555,0.3644,0.3649,0.3464,META-FAILED
28,Projection-Antisymmetry-Neutral,DistributedOverheadRegulation,0.3441,0.3405,0.3207,0.3302,0.3224,0.3243,0.318,META-FAILED
32,Projection-Antisymmetry-Neutral,DistributedOverheadRegulation,0.3164,0.3065,0.297,0.3052,0.3098,0.3006,0.2933,META-FAILED
40,Projection-Antisymmetry-Neutral,DistributedOverheadRegulation,0.2742,0.2751,0.2657,0.2693,0.2591,0.2546,0.2508,META-FAILED
48,Projection-Antisymmetry-Neutral,DistributedOverheadRegulation,0.2497,0.2402,0.2233,0.2305,0.2357,0.2236,0.2293,META-FAILED
64,Projection-Antisymmetry-Neutral,DistributedOverheadRegulation,0.2023,0.1961,0.183,0.1893,0.1883,0.1811,0.1845,META-FAILED
80,Projection-Antisymmetry-Neutral,DistributedOverheadRegulation,0.1648,0.1595,0.1585,0.1552,0.153,0.1516,0.1533,META-FAILED
96,Projection-Antisymmetry-Neutral,DistributedOverheadRegulation,0.1421,0.1398,0.1363,0.135,0.1317,0.1318,0.1297,META-FAILED
1,Projection-Antisymmetry-Neutral,AdaptiveStabilizationOrchestration,0.8401,0.8158,0.7832,0.7517,0.8069,0.7956,0.807,META-STABILIZED
2,Projection-Antisymmetry-Neutral,AdaptiveStabilizationOrchestration,0.8224,0.778,0.7557,0.7316,0.7691,0.7261,0.7621,META-STABILIZED
4,Projection-Antisymmetry-Neutral,AdaptiveStabilizationOrchestration,0.7519,0.7157,0.69,0.6766,0.6916,0.6761,0.6897,META-COORDINATED
6,Projection-Antisymmetry-Neutral,AdaptiveStabilizationOrchestration,0.6667,0.6657,0.6325,0.5979,0.631,0.6126,0.6276,META-COORDINATED
8,Projection-Antisymmetry-Neutral,AdaptiveStabilizationOrchestration,0.6383,0.6198,0.5962,0.5777,0.5911,0.5667,0.5879,META-PARTIAL
12,Projection-Antisymmetry-Neutral,AdaptiveStabilizationOrchestration,0.5584,0.5334,0.5249,0.4868,0.5134,0.501,0.5226,META-DEGRADING
16,Projection-Antisymmetry-Neutral,AdaptiveStabilizationOrchestration,0.4892,0.4735,0.4438,0.4431,0.4635,0.454,0.4582,META-DEGRADING
20,Projection-Antisymmetry-Neutral,AdaptiveStabilizationOrchestration,0.4303,0.4234,0.412,0.4003,0.4031,0.3915,0.4162,META-DEGRADING
24,Projection-Antisymmetry-Neutral,AdaptiveStabilizationOrchestration,0.4001,0.3921,0.3659,0.3567,0.3761,0.3527,0.3645,META-FAILED
28,Projection-Antisymmetry-Neutral,AdaptiveStabilizationOrchestration,0.3608,0.3589,0.3416,0.3253,0.335,0.3305,0.3433,META-FAILED
32,Projection-Antisymmetry-Neutral,AdaptiveStabilizationOrchestration,0.3385,0.324,0.3125,0.3013,0.3116,0.3101,0.3054,META-FAILED
40,Projection-Antisymmetry-Neutral,AdaptiveStabilizationOrchestration,0.2875,0.2741,0.2675,0.2618,0.2656,0.2604,0.2635,META-FAILED
48,Projection-Antisymmetry-Neutral,AdaptiveStabilizationOrchestration,0.2535,0.2424,0.2359,0.2322,0.2339,0.2319,0.2401,META-FAILED
64,Projection-Antisymmetry-Neutral,AdaptiveStabilizationOrchestration,0.2095,0.1974,0.1921,0.1818,0.1887,0.1865,0.1873,META-FAILED
80,Projection-Antisymmetry-Neutral,AdaptiveStabilizationOrchestration,0.1705,0.1692,0.1592,0.156,0.1609,0.156,0.164,META-FAILED
96,Projection-Antisymmetry-Neutral,AdaptiveStabilizationOrchestration,0.1467,0.1405,0.1407,0.1335,0.1366,0.1378,0.1404,META-FAILED
1,Projection-Antisymmetry-Neutral,NullMetaNetworkControl,0.6479,0.6382,0.6365,0.6449,0.6208,0.6219,0.6016,META-PARTIAL
2,Projection-Antisymmetry-Neutral,NullMetaNetworkControl,0.5972,0.5837,0.581,0.6086,0.5599,0.5664,0.5652,META-PARTIAL
4,Projection-Antisymmetry-Neutral,NullMetaNetworkControl,0.5539,0.5389,0.5352,0.5521,0.5124,0.5118,0.5051,META-DEGRADING
6,Projection-Antisymmetry-Neutral,NullMetaNetworkControl,0.5092,0.4961,0.4895,0.5034,0.4864,0.4814,0.4662,META-DEGRADING
8,Projection-Antisymmetry-Neutral,NullMetaNetworkControl,0.4707,0.4748,0.473,0.4665,0.4555,0.4548,0.4503,META-DEGRADING
12,Projection-Antisymmetry-Neutral,NullMetaNetworkControl,0.4014,0.398,0.4023,0.4073,0.3923,0.4023,0.3938,META-FAILED
16,Projection-Antisymmetry-Neutral,NullMetaNetworkControl,0.3513,0.3605,0.3539,0.3671,0.3498,0.354,0.349,META-FAILED
20,Projection-Antisymmetry-Neutral,NullMetaNetworkControl,0.3203,0.3272,0.3306,0.313,0.3121,0.3122,0.303,META-FAILED
24,Projection-Antisymmetry-Neutral,NullMetaNetworkControl,0.2995,0.289,0.2873,0.2997,0.2845,0.2787,0.269,META-FAILED
28,Projection-Antisymmetry-Neutral,NullMetaNetworkControl,0.2654,0.2595,0.2619,0.2662,0.2517,0.2496,0.2587,META-FAILED
32,Projection-Antisymmetry-Neutral,NullMetaNetworkControl,0.2552,0.2532,0.2507,0.2382,0.2315,0.2386,0.2413,META-FAILED
40,Projection-Antisymmetry-Neutral,NullMetaNetworkControl,0.2166,0.2077,0.2062,0.2185,0.1996,0.2032,0.1974,META-FAILED
48,Projection-Antisymmetry-Neutral,NullMetaNetworkControl,0.1929,0.1873,0.183,0.1829,0.1859,0.1801,0.1755,META-FAILED
64,Projection-Antisymmetry-Neutral,NullMetaNetworkControl,0.1545,0.1506,0.1469,0.1463,0.1422,0.1424,0.142,META-FAILED
80,Projection-Antisymmetry-Neutral,NullMetaNetworkControl,0.1238,0.1251,0.1295,0.1297,0.1185,0.12,0.1196,META-FAILED
96,Projection-Antisymmetry-Neutral,NullMetaNetworkControl,0.112,0.1087,0.1096,0.1119,0.1079,0.1048,0.1058,META-FAILED
